Province,Name,Lat,Lon
Bình Định,2628-BD001,13.795563,109.208394
Bình Định,2628-BD002,13.83965,109.267939
Bình Định,2628-BD003,13.79497818,109.1633013
Bình Định,2628-BD004,13.763661,109.21281
Bình Định,2628-BD005,13.69423984,109.1760951
Bình Định,2628-BD006,14.65459922,109.0078914
Bình Định,2628-BD007,13.852477,109.073686
Bình Định,2628-BD008,13.943028,109.24034
Bình Định,2628-BD009,14.5692941,109.0146017
Bình Định,2628-BD010,13.552673,109.019891
Bình Định,2628-BD011,14.258113,109.016028
Bình Định,2628-BD012,14.32091976,108.9792546
Bình Định,2628-BD013,13.76266784,109.1245443
Bình Định,2628-BD014,13.827877,109.093917
Bình Định,2628-BD015,13.76969,109.225913
Bình Định,2628-BD016,13.920345,109.091889
Bình Định,2628-BD017,14.305745,109.073001
Bình Định,2628-BD018,13.881334,109.249515
Bình Định,2628-BD019,13.80552801,109.2141617
Bình Định,2628-BD020,13.61201,108.998212
Bình Định,2628-BD021,13.724996,109.128527
Bình Định,2628-BD022,14.264902,109.078623
Bình Định,2628-BD023,14.13546341,109.202426
Bình Định,2628-BD024,14.16990461,109.0304683
Bình Định,2628-BD025,13.89778134,109.1921695
Bình Định,2628-BD026,13.856864,109.200017
Bình Định,2628-BD027,13.879231,109.192519
Bình Định,2628-BD028,13.768175,109.203343
Bình Định,2628-BD029,13.88763291,109.2493063
Bình Định,2628-BD030,13.815179,109.146333
Bình Định,2628-BD031,13.760425,109.208827
Bình Định,2628-BD032,13.781149,109.224704
Bình Định,2628-BD033,13.85279614,109.1891601
Bình Định,2628-BD034,13.80966607,109.1631955
Bình Định,2628-BD035,13.81446164,109.1887677
Bình Định,2628-BD036,13.90339665,109.0331516
Bình Định,2628-BD037,13.836193,109.215076
Bình Định,2628-BD038,13.773006,109.232442
Bình Định,2628-BD040,13.88617694,109.1206144
Bình Định,2628-BD041,13.8884,109.27199
Bình Định,2628-BD042,13.792809,109.105869
Bình Định,2628-BD043,13.728969,109.159852
Bình Định,2628-BD044,13.734306,109.116496
Bình Định,2628-BD045,13.779976,109.157708
Bình Định,2628-BD046,13.766421,109.160899
Bình Định,2628-BD047,13.788917,109.158487
Bình Định,2628-BD048,13.794913,109.148399
Bình Định,2628-BD049,13.790911,109.174762
Bình Định,2628-BD050,13.779438,109.185038
Bình Định,2628-BD051,13.780819,109.190075
Bình Định,2628-BD052,13.777762,109.201444
Bình Định,2628-BD053,13.752156,109.206929
Bình Định,2628-BD054,13.677425,109.233207
Bình Định,2628-BD055,13.767449,109.214081
Bình Định,2628-BD056,13.771963,109.217375
Bình Định,2628-BD057,13.774566,109.219243
Bình Định,2628-BD058,13.766227,109.209077
Bình Định,2628-BD059,13.902961,109.259271
Bình Định,2628-BD060,13.852395,109.273305
Bình Định,2628-BD061,13.785248,109.211056
Bình Định,2628-BD062,13.848365,109.135873
Bình Định,2628-BD063,13.84028,109.153943
Bình Định,2628-BD064,13.833963,109.166844
Bình Định,2628-BD065,13.868072,109.136959
Bình Định,2628-BD066,13.830309,109.143747
Bình Định,2628-BD067,13.953211,109.135108
Bình Định,2628-BD068,13.851087,109.02211
Bình Định,2628-BD069,13.866497,108.996079
Bình Định,2628-BD070,14.00584411,109.0078576
Bình Định,2628-BD071,14.111896,109.198074
Bình Định,2628-BD072,13.997975,109.245405
Bình Định,2628-BD073,14.072474,109.211135
Bình Định,2628-BD074,14.180606,109.18102
Bình Định,2628-BD075,14.251991,109.186329
Bình Định,2628-BD077,14.35132,109.119654
Bình Định,2628-BD079,14.178118,109.053873
Bình Định,2628-BD080,14.11961,109.033444
Bình Định,2628-BD082,14.144222,109.029256
Bình Định,2628-BD083,14.292183,109.037473
Bình Định,2628-BD084,14.425425,109.113746
Bình Định,2628-BD085,14.402998,109.120384
Bình Định,2628-BD086,14.43443,109.117009
Bình Định,2628-BD087,14.49498,109.086956
Bình Định,2628-BD088,14.504507,109.084466
Bình Định,2628-BD089,14.513285,109.079637
Bình Định,2628-BD090,14.551878,109.067528
Bình Định,2628-BD091,14.567994,109.064345
Bình Định,2628-BD093,14.51678237,109.0246389
Bình Định,2628-BD094,14.50280106,109.0248195
Bình Định,2628-BD095,14.345247,109.04438
Bình Định,2628-BD096,13.734854,109.209792
Bình Định,2628-BD097,13.701987,109.222457
Bình Định,2628-BD098,13.791352,109.20056
Bình Định,2628-BD099,13.800351,109.192929
Bình Định,2628-BD100,13.96355,108.823492
Bình Định,2628-BD101,13.977237,108.804144
Bình Định,2628-BD102,13.977812,108.784931
Bình Định,2628-BD103,13.964357,108.777547
Bình Định,2628-BD104,13.963032,108.766851
Bình Định,2628-BD105,13.97939364,109.0087132
Bình Định,2628-BD106,13.630915,108.994646
Bình Định,2628-BD107,13.649331,109.00865
Bình Định,2628-BD108,13.6629,109.0309
Bình Định,2628-BD109,13.674161,109.049187
Bình Định,2628-BD110,13.701017,109.047809
Bình Định,2628-BD111,13.753781,109.104984
Bình Định,2628-BD112,14.388676,108.977537
Bình Định,2628-BD113,13.774118,109.2237
Bình Định,2628-BD114,13.887397,109.291439
Bình Định,2628-BD115,13.833931,109.062303
Bình Định,2628-BD116,14.43671338,108.9888574
Bình Định,2628-BD118,13.764469,109.189385
Bình Định,2628-BD119,13.893358,109.112969
Bình Định,2628-BD120,13.908354,109.112572
Bình Định,2628-BD121,13.94318,108.93349
Bình Định,2628-BD122,13.821959,109.213601
Bình Định,2628-BD123,13.760501,109.200104
Bình Định,2628-BD124,13.769435,109.198732
Bình Định,2628-BD125,13.741078,109.066677
Bình Định,2628-BD126,13.80761035,109.2188002
Bình Định,2628-BD127,13.80941142,109.2154944
Bình Định,2628-BD128,13.79701056,109.2149601
Bình Định,2628-BD129,13.80188341,109.2119694
Bình Định,2628-BD130,13.87074999,109.2507428
Bình Định,2628-BD131,13.76489572,109.1964006
Bình Định,2628-BD132,13.804055,109.193301
Bình Định,2628-BD133,14.2615467,108.8690481
Bình Định,2628-BD143,14.229038,108.868228
Bình Định,2628-BD144,14.5339320,108.7282320
Bình Định,2628-BD145,14.6064490,108.7857930
Bình Định,2628-BD146,14.1125080,109.1830410
Bình Định,2628-BD147,14.0355639,108.9999382
Bình Định,2628-BD148,14.5318260,109.0562990
Bình Định,2628-BD149,13.6120790,109.3521010
Bình Định,2628-BD150,14.2726600,109.1642500
Bình Định,2628-BD151,14.3561270,108.6874260
Bình Định,2628-BD152,13.9729370,109.1054960
Đăk Nông,2628-DG001,12.5125,107.750517
Đăk Nông,2628-DG002,12.10114,107.7966
Đăk Nông,2628-DG003,11.993246,107.697552
Đăk Nông,2628-DG004,12.408465,107.577897
Đăk Nông,2628-DG005,12.19199,107.9027
Đăk Nông,2628-DG006,11.9975,107.672
Đăk Nông,2628-DG007,12.0007,107.697
Đăk Nông,2628-DG008,12.3126,107.939
Đăk Nông,2628-DG009,11.80438,107.54865
Đăk Nông,2628-DG010,12.047475,107.66629
Đăk Nông,2628-DG011,12.252476,107.627196
Đăk Nông,2628-DG012,12.06845,107.67679
Đăk Nông,2628-DG013,12.026048,107.583298
Đăk Nông,2628-DG014,12.291714,107.471442
Đăk Nông,2628-DG015,11.956027,107.753071
Đăk Nông,2628-DG016,12.482329,107.830285
Đăk Nông,2628-DG017,12.260762,107.320721
Đăk Nông,2628-DG018,12.013589,107.689539
Đăk Nông,2628-DG019,12.442901,107.624235
Đăk Nông,2628-DG020,11.89773,107.808722
Đăk Nông,2628-DG021,12.006937,107.72104
Đăk Nông,2628-DG022,11.875513,107.891107
Đăk Nông,2628-DG023,11.965677,107.855323
Đăk Nông,2628-DG024,11.99908,107.69448
Đăk Nông,2628-DG025,12.288434,107.977136
Đăk Nông,2628-DG026,12.267702,108.013839
Đăk Nông,2628-DG027,12.237648,108.057077
Đăk Nông,2628-DG028,12.21801,108.083658
Đăk Nông,2628-DG029,12.155453,108.048301
Đăk Nông,2628-DG030,12.125847,107.990206
Đăk Nông,2628-DG031,12.347939,107.929137
Đăk Nông,2628-DG032,12.330073,107.909452
Đăk Nông,2628-DG033,12.66181,107.891987
Đăk Nông,2628-DG034,12.371809,107.570366
Đăk Nông,2628-DG035,12.318958,107.524911
Đăk Nông,2628-DG036,12.213398,107.62176
Đăk Nông,2628-DG037,12.240063,107.660623
Đăk Nông,2628-DG038,12.127559,107.826699
Đăk Nông,2628-DG039,12.077302,107.788181
Đăk Nông,2628-DG040,12.111581,107.759919
Đăk Nông,2628-DG041,12.07125,107.743496
Đăk Nông,2628-DG042,11.868746,107.978194
Đăk Nông,2628-DG043,11.893397,107.968584
Đăk Nông,2628-DG044,11.96413,107.966068
Đăk Nông,2628-DG045,11.892422,107.936119
Đăk Nông,2628-DG046,11.885023,107.91106
Đăk Nông,2628-DG047,11.882811,107.862581
Đăk Nông,2628-DG048,11.920383,107.758031
Đăk Nông,2628-DG049,11.943626,107.772825
Đăk Nông,2628-DG050,11.994339,107.688117
Đăk Nông,2628-DG051,11.940318,107.40418
Đăk Nông,2628-DG052,12.090253,107.477906
Đăk Nông,2628-DG053,12.23783,107.416456
Đăk Nông,2628-DG054,12.264225,107.454487
Đăk Nông,2628-DG055,12.226202,107.441438
Đăk Nông,2628-DG056,12.148228,107.438118
Đăk Nông,2628-DG057,12.100278,107.414105
Đăk Nông,2628-DG058,12.020519,107.412493
Đăk Nông,2628-DG059,12.585033,107.894291
Đăk Nông,2628-DG060,12.724085,107.825434
Đăk Nông,2628-DG061,12.605686,107.790982
Đăk Nông,2628-DG062,12.553936,107.890433
Đăk Nông,2628-DG063,12.011742,107.673863
Đăk Nông,2628-DG064,11.995333,107.677329
Đăk Nông,2628-DG065,12.219642,107.405727
Đăk Nông,2628-DG066,12.282974,107.55759
Đăk Nông,2628-DG067,12.066029,107.377516
Đăk Nông,2628-DG068,11.847926,107.528835
Đăk Nông,2628-DG069,11.925933,107.618665
Đăk Nông,2628-DG070,11.873254,107.430886
Đăk Nông,2628-DG071,12.064601,107.576
Đăk Nông,2628-DG072,12.255334,107.493099
Đăk Nông,2628-DG073,12.285683,107.611356
Đăk Nông,2628-DG074,12.107607,107.610094
Đăk Nông,2628-DG075,12.441817,107.841878
Đăk Nông,2628-DG076,11.941773,107.935504
Đăk Nông,2628-DG077,12.006069,107.324419
Đăk Nông,2628-DG078,12.02677,107.331389
Đăk Nông,2628-DG079,12.116195,107.432176
Đăk Nông,2628-DG080,12.239854,107.472572
Đăk Nông,2628-DG081,12.425182,107.55467
Đăk Nông,2628-DG082,11.944618,107.692429
Đăk Nông,2628-DG083,12.098171,107.572174
Đăk Nông,2628-DG084,12.098171,107.572174
Đăk Lắk,2628-DL001,12.577435,108.575841
Đăk Lắk,2628-DL002,12.48077,108.0362
Đăk Lắk,2628-DL003,12.7738,108.4075
Đăk Lắk,2628-DL004,12.97767,108.2196
Đăk Lắk,2628-DL005,12.88829,108.25986
Đăk Lắk,2628-DL006,12.623159,108.479486
Đăk Lắk,2628-DL007,12.548166,108.667625
Đăk Lắk,2628-DL008,12.533963,108.690621
Đăk Lắk,2628-DL009,12.540195,108.735409
Đăk Lắk,2628-DL010,12.528787,108.764116
Đăk Lắk,2628-DL011,12.524985,108.81442
Đăk Lắk,2628-DL012,12.724146,108.100555
Đăk Lắk,2628-DL013,13.217142,108.249731
Đăk Lắk,2628-DL014,12.664443,108.156158
Đăk Lắk,2628-DL015,12.68445,108.05231
Đăk Lắk,2628-DL016,12.71004,108.06719
Đăk Lắk,2628-DL017,12.705363,108.302006
Đăk Lắk,2628-DL018,12.725306,108.082402
Đăk Lắk,2628-DL019,12.686503,108.031242
Đăk Lắk,2628-DL020,12.724607,108.372053
Đăk Lắk,2628-DL021,12.673727,108.036121
Đăk Lắk,2628-DL023,12.666343,108.077138
Đăk Lắk,2628-DL029,12.65115,108.1047
Đăk Lắk,2628-DL030,12.66934,108.0237
Đăk Lắk,2628-DL031,12.87928,108.1682
Đăk Lắk,2628-DL032,12.77409,108.1682
Đăk Lắk,2628-DL034,12.613053,108.114475
Đăk Lắk,2628-DL035,12.91527,108.5045
Đăk Lắk,2628-DL036,12.80046,108.5721
Đăk Lắk,2628-DL037,12.482778,108.021944
Đăk Lắk,2628-DL038,12.56366,107.9868
Đăk Lắk,2628-DL040,12.772467,108.377421
Đăk Lắk,2628-DL041,12.709915,108.311086
Đăk Lắk,2628-DL042,12.724387,108.330788
Đăk Lắk,2628-DL043,12.75295,108.401
Đăk Lắk,2628-DL044,12.58267,108.3941
Đăk Lắk,2628-DL045,12.69707,108.3409
Đăk Lắk,2628-DL046,12.715451,108.311312
Đăk Lắk,2628-DL047,12.42406,108.2262
Đăk Lắk,2628-DL050,12.71855,108.2293
Đăk Lắk,2628-DL052,12.80546,108.6253
Đăk Lắk,2628-DL053,12.76921,108.7325
Đăk Lắk,2628-DL054,12.811634,108.53186
Đăk Lắk,2628-DL055,12.729749,108.083649
Đăk Lắk,2628-DL056,12.683991,108.003758
Đăk Lắk,2628-DL059,12.69625,108.0494
Đăk Lắk,2628-DL061,12.429329,108.563059
Đăk Lắk,2628-DL062,12.624026,107.983419
Đăk Lắk,2628-DL063,12.644453,108.015063
Đăk Lắk,2628-DL065,12.397151,108.0597
Đăk Lắk,2628-DL066,12.450198,108.581807
Đăk Lắk,2628-DL068,13.198336,107.795441
Đăk Lắk,2628-DL069,12.835817,108.044364
Đăk Lắk,2628-DL070,12.679673,108.324914
Đăk Lắk,2628-DL071,12.719034,108.453312
Đăk Lắk,2628-DL074,13.02005,108.424078
Đăk Lắk,2628-DL076,12.714906,107.958317
Đăk Lắk,2628-DL077,12.685074,108.02864
Đăk Lắk,2628-DL078,12.55982,108.163424
Đăk Lắk,2628-DL081,12.965805,108.302536
Đăk Lắk,2628-DL083,12.896712,108.26276
Đăk Lắk,2628-DL084,12.99507,108.418079
Đăk Lắk,2628-DL085,13.106763,108.223223
Đăk Lắk,2628-DL086,12.868955,108.250606
Đăk Lắk,2628-DL087,12.704711,108.335892
Đăk Lắk,2628-DL088,12.854024,108.424301
Đăk Lắk,2628-DL089,12.873912,108.498544
Đăk Lắk,2628-DL090,12.886414,108.532067
Đăk Lắk,2628-DL091,12.755739,108.749395
Đăk Lắk,2628-DL092,12.741624,108.748418
Đăk Lắk,2628-DL093,12.558669,108.733673
Đăk Lắk,2628-DL094,12.510275,108.500039
Đăk Lắk,2628-DL095,12.625375,108.194367
Đăk Lắk,2628-DL097,12.522308,108.200278
Đăk Lắk,2628-DL098,12.442579,108.221716
Đăk Lắk,2628-DL099,12.1834,108.137083
Đăk Lắk,2628-DL100,12.450905,108.044216
Đăk Lắk,2628-DL101,12.627468,108.009656
Đăk Lắk,2628-DL102,12.652792,108.007887
Đăk Lắk,2628-DL103,12.697379,108.019951
Đăk Lắk,2628-DL104,12.721636,108.056376
Đăk Lắk,2628-DL107,13.22379774,108.2025688
Đăk Lắk,2628-DL108,13.20731804,108.2121119
Đăk Lắk,2628-DL109,13.160248,108.224033
Đăk Lắk,2628-DL110,12.62079,107.95359
Đăk Lắk,2628-DL111,12.680792,108.040801
Đăk Lắk,2628-DL112,12.662103,108.253203
Đăk Lắk,2628-DL113,12.668594,108.315326
Đăk Lắk,2628-DL114,12.635024,108.454223
Đăk Lắk,2628-DL115,12.621022,108.497829
Đăk Lắk,2628-DL116,12.559983,108.613504
Đăk Lắk,2628-DL117,12.552244,108.639328
Đăk Lắk,2628-DL118,12.527069,108.784969
Đăk Lắk,2628-DL119,12.50718,108.85692
Đăk Lắk,2628-DL120,12.505969,108.871377
Đăk Lắk,2628-DL122,12.692866,108.043846
Đăk Lắk,2628-DL123,12.706919,108.059808
Đăk Lắk,2628-DL124,12.679464,108.023487
Đăk Lắk,2628-DL125,12.713636,108.080523
Đăk Lắk,2628-DL126,12.71497,108.084761
Đăk Lắk,2628-DL127,12.608503,108.131386
Đăk Lắk,2628-DL128,12.594722,108.129958
Đăk Lắk,2628-DL129,12.71544,108.269082
Đăk Lắk,2628-DL130,12.708153,108.282618
Đăk Lắk,2628-DL131,12.768728,108.321419
Đăk Lắk,2628-DL132,12.819991,108.450124
Đăk Lắk,2628-DL133,13.038316,108.218487
Đăk Lắk,2628-DL134,13.016996,108.141695
Đăk Lắk,2628-DL135,12.689142,108.798957
Đăk Lắk,2628-DL136,12.669673,108.817075
Đăk Lắk,2628-DL137,12.76929,108.697239
Đăk Lắk,2628-DL138,12.456374,108.215737
Đăk Lắk,2628-DL139,12.404454,108.189262
Đăk Lắk,2628-DL140,12.23392,108.122837
Đăk Lắk,2628-DL141,13.275445,108.171167
Đăk Lắk,2628-DL142,13.232787,108.221607
Đăk Lắk,2628-DL143,12.774014,108.191787
Đăk Lắk,2628-DL144,12.802575,108.189959
Đăk Lắk,2628-DL145,13.155547,108.241238
Đăk Lắk,2628-DL146,13.134887,108.246089
Đăk Lắk,2628-DL148,12.660497,108.222996
Đăk Lắk,2628-DL149,12.675232,108.292053
Đăk Lắk,2628-DL150,12.66507,108.331955
Đăk Lắk,2628-DL151,12.645814,108.399958
Đăk Lắk,2628-DL152,12.629846,108.468203
Đăk Lắk,2628-DL153,12.61455,108.521432
Đăk Lắk,2628-DL154,12.591775,108.566955
Đăk Lắk,2628-DL155,12.579977,108.59224
Đăk Lắk,2628-DL156,12.544873,108.708888
Đăk Lắk,2628-DL157,12.521951,108.83698
Đăk Lắk,2628-DL158,12.609428,107.966681
Đăk Lắk,2628-DL159,12.589128,107.978049
Đăk Lắk,2628-DL160,12.580529,108.017629
Đăk Lắk,2628-DL161,12.604371,108.076586
Đăk Lăk,2828-DL162,12.893039,108.094761
Đà Nẵng,2628-DN001,16.052793,108.202384
Đà Nẵng,2628-DN002,16.056648,108.201892
Đà Nẵng,2628-DN003,15.993016,107.991664
Đà Nẵng,2628-DN004,15.994768,107.990508
Đà Nẵng,2628-DN005,16.019487,108.041695
Đà Nẵng,2628-DN006,16.098288,108.279986
Đà Nẵng,2628-DN007,16.07058,108.245438
Đà Nẵng,2628-DN008,16.123992,108.3105
Đà Nẵng,2628-DN009,16.0444969,108.2500584
Đà Nẵng,2628-DN012,16.06684,108.201728
Đà Nẵng,2628-DN013,16.069794,108.200946
Đà Nẵng,2628-DN014,16.0406966,108.1888129
Đà Nẵng,2628-DN015,16.0997873,108.2506244
Đà Nẵng,2628-DN016,16.014434,108.2194
Đà Nẵng,2628-DN017,16.071734,108.179278
Đà Nẵng,2628-DN018,15.98794,108.21583
Đà Nẵng,2628-DN019,16.0626573,108.2120638
Đà Nẵng,2628-DN020,16.021799,108.243826
Đà Nẵng,2628-DN021,16.019629,108.223437
Đà Nẵng,2628-DN022,16.055735,108.155074
Đà Nẵng,2628-DN023,15.99205,108.2424
Đà Nẵng,2628-DN024,16.08373,108.16086
Đà Nẵng,2628-DN025,16.028528,108.093306
Đà Nẵng,2628-DN026,16.059517,108.187269
Đà Nẵng,2628-DN027,16.008521,108.222103
Đà Nẵng,2628-DN028,16.002404,108.225332
Đà Nẵng,2628-DN029,16.02466,108.215137
Đà Nẵng,2628-DN030,16.0782254,108.1612608
Đà Nẵng,2628-DN031,16.04209,108.182176
Đà Nẵng,2628-DN032,16.02693,108.1902
Đà Nẵng,2628-DN033,15.966461,108.040206
Đà Nẵng,2628-DN034,16.044022,108.176999
Đà Nẵng,2628-DN035,15.992718,108.137704
Đà Nẵng,2628-DN036,16.024235,108.242075
Đà Nẵng,2628-DN037,15.9805,108.2545
Đà Nẵng,2628-DN038,16.066818,108.197275
Đà Nẵng,2628-DN039,16.07654,108.169376
Đà Nẵng,2628-DN040,15.9412493,108.1381168
Đà Nẵng,2628-DN041,16.090334,108.078665
Đà Nẵng,2628-DN042,16.093607,108.084401
Đà Nẵng,2628-DN043,16.084232,108.079209
Đà Nẵng,2628-DN044,16.078998,108.078896
Đà Nẵng,2628-DN045,16.0770765,108.2379489
Đà Nẵng,2628-DN046,15.9310724,108.2677079
Đà Nẵng,2628-DN047,16.0820017,108.1074017
Đà Nẵng,2628-DN048,16.090176,108.133265
Đà Nẵng,2628-DN049,16.1299742,108.1134469
Đà Nẵng,2628-DN050,16.0859344,108.1328255
Đà Nẵng,2628-DN051,16.0771203,108.136909
Đà Nẵng,2628-DN052,16.094593,108.102895
Đà Nẵng,2628-DN053,16.0129938,108.2175584
Đà Nẵng,2628-DN054,16.009197,108.234361
Đà Nẵng,2628-DN055,16.003892,108.236745
Đà Nẵng,2628-DN056,16.012015,108.244304
Đà Nẵng,2628-DN057,16.004706,108.248282
Đà Nẵng,2628-DN058,16.001059,108.249956
Đà Nẵng,2628-DN059,15.996259,108.250835
Đà Nẵng,2628-DN060,15.9898604,108.2363582
Đà Nẵng,2628-DN061,15.988606,108.2304
Đà Nẵng,2628-DN062,15.995101,108.211752
Đà Nẵng,2628-DN063,16.0013143,108.2196458
Đà Nẵng,2628-DN064,16.0040085,108.2538673
Đà Nẵng,2628-DN065,16.0945346,108.228623
Đà Nẵng,2628-DN066,16.064172,108.188894
Đà Nẵng,2628-DN067,16.019456,108.248225
Đà Nẵng,2628-DN068,16.071955,108.195199
Đà Nẵng,2628-DN069,15.995075,108.257293
Đà Nẵng,2628-DN070,16.067617,108.214494
Đà Nẵng,2628-DN071,16.0611515,108.2193806
Đà Nẵng,2628-DN072,16.056126,108.218463
Đà Nẵng,2628-DN073,16.072375,108.206257
Đà Nẵng,2628-DN074,16.0689,108.18834
Đà Nẵng,2628-DN075,16.0322936,108.2284321
Đà Nẵng,2628-DN076,16.0492106,108.1742104
Đà Nẵng,2628-DN077,16.0006128,108.2642617
Đà Nẵng,2628-DN078,16.072098,108.183708
Đà Nẵng,2628-DN079,16.067633,108.208131
Đà Nẵng,2628-DN080,16.1365312,108.1220578
Đà Nẵng,2628-DN081,15.9864622,108.1772968
Đà Nẵng,2628-DN082,15.988793,108.196537
Đà Nẵng,2628-DN083,16.0674677,108.2181161
Đà Nẵng,2628-DN084,16.0624582,108.1768238
Đà Nẵng,2628-DN085,16.0650123,108.1500518
Đà Nẵng,2628-DN086,16.0711845,108.1702584
Đà Nẵng,2628-DN087,15.9778761,108.2025891
Đà Nẵng,2628-DN088,16.012277,108.198994
Đà Nẵng,2628-DN089,15.9924992,108.2136508
Đà Nẵng,2628-DN090,16.0629407,108.1860188
Đà Nẵng,2628-DN091,16.0549814,108.2110511
Đà Nẵng,2628-DN092,16.0125149,108.1946129
Đà Nẵng,2628-DN093,16.051204,108.20787
Đà Nẵng,2628-DN094,16.122829,108.120408
Đà Nẵng,2628-DN095,16.05914,108.160289
Đà Nẵng,2628-DN096,16.010262,108.26448
Đà Nẵng,2628-DN097,16.1026332,108.2531235
Đà Nẵng,2628-DN098,16.0731613,108.211327
Đà Nẵng,2628-DN099,16.0761916,108.2076721
Đà Nẵng,2628-DN100,16.0626085,108.2073613
Đà Nẵng,2628-DN101,16.070016,108.19461
Đà Nẵng,2628-DN102,16.0184012,108.1713515
Đà Nẵng,2628-DN103,16.039988,108.1931
Đà Nẵng,2628-DN104,16.049551,108.245317
Đà Nẵng,2628-DN105,16.048019,108.246489
Đà Nẵng,2628-DN106,16.0498358,108.2239911
Đà Nẵng,2628-DN107,16.0514,108.2124305
Đà Nẵng,2628-DN108,16.074061,108.147949
Đà Nẵng,2628-DN109,16.0504454,108.1804539
Đà Nẵng,2628-DN110,16.022642,108.213658
Đà Nẵng,2628-DN111,16.015432,108.206923
Đà Nẵng,2628-DN112,16.0835595,108.2143103
Đà Nẵng,2628-DN113,16.0452178,108.2081158
Đà Nẵng,2628-DN114,16.081882,108.161937
Đà Nẵng,2628-DN115,16.068779,108.167511
Đà Nẵng,2628-DN116,16.079865,108.166929
Đà Nẵng,2628-DN117,15.9800724,108.2500136
Đà Nẵng,2628-DN118,15.994279,108.264768
Đà Nẵng,2628-DN119,16.1062095,108.2567131
Đà Nẵng,2628-DN120,15.988621,108.138272
Đà Nẵng,2628-DN121,16.0403263,108.2513436
Đà Nẵng,2628-DN122,16.193816,108.151132
Đà Nẵng,2628-DN123,16.029672,108.054688
Đà Nẵng,2628-DN124,16.152621,108.134506
Đà Nẵng,2628-DN125,16.008408,108.0695
Đà Nẵng,2628-DN126,15.99764,108.13121
Đà Nẵng,2628-DN127,15.99994384,108.2150281
Đà Nẵng,2628-DN128,16.07529695,108.1681209
Đà Nẵng,2628-DN130,16.036277,108.232626
Đà Nẵng,2628-DN131,16.082933,108.223654
Đà Nẵng,2628-DN132,16.031086,108.244512
Đà Nẵng,2628-DN134,16.12021,107.99274
Đà Nẵng,2628-DN135,16.130375,108.122865
Đà Nẵng,2628-DN136,16.10538158,108.1176825
Đà Nẵng,2628-DN137,16.055253,108.183832
Đà Nẵng,2628-DN138,16.0064724,108.2281926
Đà Nẵng,2628-DN139,16.01311717,108.2303278
Đà Nẵng,2628-DN140,16.03366711,108.2457328
Đà Nẵng,2628-DN141,16.02239195,108.2020041
Đà Nẵng,2628-DN144,16.07439317,108.1420433
Đà Nẵng,2628-DN145,16.073845,108.111403
Đà Nẵng,2628-DN146,16.0686625,108.1040523
Đà Nẵng,2628-DN147,16.06830053,108.0965458
Đà Nẵng,2628-DN148,15.99255826,108.187035
Đà Nẵng,2628-DN149,16.062739,108.217958
Đà Nẵng,2628-DN150,16.04206115,108.2227552
Đà Nẵng,2628-DN151,16.07936885,108.2074805
Đà Nẵng,2628-DN152,16.07747745,108.2061192
Đà Nẵng,2628-DN154,16.05106612,108.163322
Đà Nẵng,2628-DN155,16.07042527,108.1504939
Đà Nẵng,2628-DN156,16.09272437,108.1084481
Đà Nẵng,2628-DN157,16.05497159,108.1430876
Đà Nẵng,2628-DN158,16.054291,108.102144
Đà Nẵng,2628-DN159,16.01517988,108.1867819
Đà Nẵng,2628-DN160,15.97406267,108.1335947
Đà Nẵng,2628-DN162,15.97918672,108.2701791
Đà Nẵng,2628-DN163,16.07384256,108.2411817
Đà Nẵng,2628-DN164,16.08357541,108.2455367
Đà Nẵng,2628-DN165,16.09171,108.245284
Đà Nẵng,2628-DN166,16.10028029,108.2278855
Đà Nẵng,2628-DN167,16.078764,108.213817
Đà Nẵng,2628-DN168,16.039186,108.229468
Đà Nẵng,2628-DN170,15.985925,108.227373
Đà Nẵng,2628-DN172,16.021288,108.126878
Đà Nẵng,2628-DN173,16.092953,108.249288
Đà Nẵng,2628-DN174,15.9703801,108.1719283
Đà Nẵng,2628-DN175,16.146108,108.137771
Đà Nẵng,2628-DN176,16.169031,108.126184
Đà Nẵng,2628-DN177,16.05583475,108.1777279
Đà Nẵng,2628-DN178,16.048148,108.171489
Đà Nẵng,2628-DN179,16.02749193,108.1817295
Đà Nẵng,2628-DN180,16.015838,108.19888
Đà Nẵng,2628-DN181,16.03376501,108.2099657
Đà Nẵng,2628-DN182,16.01405844,108.202649
Đà Nẵng,2628-DN183,16.01095444,108.1888313
Đà Nẵng,2628-DN184,16.096334,108.226536
Đà Nẵng,2628-DN185,16.00042517,108.1812296
Đà Nẵng,2628-DN186,16.01193282,108.2225664
Đà Nẵng,2628-DN187,15.99041224,108.2109452
Đà Nẵng,2628-DN188,15.98125435,108.2142178
Đà Nẵng,2628-DN190,16.033946,108.1847716
Đà Nẵng,2628-DN191,16.02081149,108.1808132
Đà Nẵng,2628-DN192,16.05795741,108.2137619
Đà Nẵng,2628-DN193,16.051804,108.216839
Đà Nẵng,2628-DN194,16.04500482,108.2172188
Đà Nẵng,2628-DN195,16.04217877,108.2176845
Đà Nẵng,2628-DN196,16.03342931,108.2146367
Đà Nẵng,2628-DN197,16.09658683,108.0932925
Đà Nẵng,2628-DN198,16.08914763,108.1015468
Đà Nẵng,2628-DN200,16.076782,108.086236
Đà Nẵng,2628-DN201,16.149558,108.024306
Đà Nẵng,2628-DN202,16.139524,108.060968
Đà Nẵng,2628-DN203,16.057086,108.074774
Đà Nẵng,2628-DN204,16.046181,108.070867
Đà Nẵng,2628-DN205,16.055676,108.087322
Đà Nẵng,2628-DN206,16.04445611,108.1121747
Đà Nẵng,2628-DN207,16.038288,108.106125
Đà Nẵng,2628-DN208,15.99752624,108.0696017
Đà Nẵng,2628-DN209,15.979568,108.102758
Đà Nẵng,2628-DN210,15.977496,108.179402
Đà Nẵng,2628-DN211,15.96950815,108.1861299
Đà Nẵng,2628-DN212,15.96099438,108.1464122
Đà Nẵng,2628-DN213,15.95375373,108.0892282
Đà Nẵng,2628-DN214,16.104978,108.130349
Đà Nẵng,2628-DN215,16.09626767,108.1415237
Đà Nẵng,2628-DN216,16.086878,108.15109
Đà Nẵng,2628-DN217,16.08561475,108.1567301
Đà Nẵng,2628-DN218,16.0595474,108.1481598
Đà Nẵng,2628-DN219,16.062647,108.165547
Đà Nẵng,2628-DN220,16.060063,108.1702584
Đà Nẵng,2628-DN221,16.06767021,108.1727756
Đà Nẵng,2628-DN222,16.046497,108.154674
Đà Nẵng,2628-DN223,16.03510956,108.2498616
Đà Nẵng,2628-DN224,16.027433,108.248292
Đà Nẵng,2628-DN225,16.0222347,108.2523709
Đà Nẵng,2628-DN226,16.00916388,108.2544823
Đà Nẵng,2628-DN227,15.99871939,108.2651925
Đà Nẵng,2628-DN228,15.97488376,108.2259005
Đà Nẵng,2628-DN229,15.98968497,108.2505394
Đà Nẵng,2628-DN230,15.96612149,108.2383927
Đà Nẵng,2628-DN231,15.97561817,108.2547699
Đà Nẵng,2628-DN232,15.97996236,108.2807579
Đà Nẵng,2628-DN233,16.10590834,108.2514501
Đà Nẵng,2628-DN234,16.08635656,108.2325993
Đà Nẵng,2628-DN235,16.074382,108.173909
Đà Nẵng,2628-DN236,16.06092485,108.1902981
Đà Nẵng,2628-DN237,16.05913913,108.1812057
Đà Nẵng,2628-DN238,16.05762956,108.1908227
Đà Nẵng,2628-DN239,16.0341845,108.1907353
Đà Nẵng,2628-DN241,16.093307,108.078047
Đà Nẵng,2628-DN242,16.08716,108.079267
Đà Nẵng,2628-DN244,16.014731,108.253157
Đà Nẵng,2628-DN245,15.998228,108.259104
Đà Nẵng,2628-DN246,16.021627,108.208003
Đà Nẵng,2628-DN247,16.002399,108.192155
Đà Nẵng,2628-DN249,16.015247,108.20925
Đà Nẵng,2628-DN250,16.010627,108.160028
Đà Nẵng,2628-DN252,16.174171,108.139112
Đà Nẵng,2628-DN253,16.170266,108.136815
Đà Nẵng,2628-DN254,16.172069,108.144149
Đà Nẵng,2628-DN255,16.085455,108.129912
Đà Nẵng,2628-DN256,16.054397,108.152913
Đà Nẵng,2628-DN257,15.996282,108.054466
Đà Nẵng,2628-DN259,15.965701,108.26478
Đà Nẵng,2628-DN260,16.015583,108.2465989
Đà Nẵng,2628-DN261,16.14651911,108.1219763
Đà Nẵng,2628-DN262,16.09902855,108.1075475
Đà Nẵng,2628-DN263,16.10579566,108.1066372
Đà Nẵng,2628-DN264,16.10905668,108.1174077
Đà Nẵng,2628-DN265,16.09938171,108.1238279
Đà Nẵng,2628-DN266,16.00123293,108.2412747
Đà Nẵng,2628-DN267, 16.001990,108.247132
Đà Nẵng,2628-DN268, 15.99808,108.250308
Đà Nẵng,2628-DN269,15.973041,108.2660362
Đà Nẵng,2628-DN270, 15.984908,108.267193
Đà Nẵng,2628-DN271,16.01832922,108.2583825
Đà Nẵng,2628-DN272,15.988125,108.238656
Đà Nẵng,2628-DN273,15.996927,108.235473
Đà Nẵng,2628-DN274,15.991511,108.23802
Đà Nẵng,2628-DN275,15.98490172,108.2316252
Đà Nẵng,2628-DN276,15.98235329,108.2267791
Đà Nẵng,2628-DN277, 15.995821,108.247455
Đà Nẵng,2628-DN278, 16.009369,108.243381
Đà Nẵng,2628-DN279,16.01142478,108.2625382
Đà Nẵng,2628-DN280, 15.997738,108.202218
Đà Nẵng,2628-DN281, 16.016142,108.226840
Đà Nẵng,2628-DN282,16.01809056,108.2306567
Đà Nẵng,2628-DN283, 16.147079,108.114135
Đà Nẵng,2628-DN284, 15.990587,108.20278
Đà Nẵng,2628-DN285, 16.007569,108.212934
Đà Nẵng,2628-DN286, 15.989571,108.266069
Đà Nẵng,2628-DN287, 16.006342,108.252895
Đà Nẵng,2628-DN288, 16.066860,108.082632
Đà Nẵng,2628-DN289, 16.018267,108.225698
Đà Nẵng,2628-DN290,15.993969,108.213607
Đà Nẵng,2628-DN291, 16.010398,108.227291
Đà Nẵng,2628-DN292, 16.012765,108.224665
Đà Nẵng,2628-DN293,15.997979,108.224859
Đà Nẵng,2628-DN294,16.021162,108.2414
Đà Nẵng,2628-DN295,16.118091,108.131355
Gia Lai,2628-GL001,14.077507,107.988768
Gia Lai,2628-GL002,13.45719261,108.0912446
Gia Lai,2628-GL003,13.990311,108.107456
Gia Lai,2628-GL004,13.554808,108.258933
Gia Lai,2628-GL005,13.97217464,108.0130686
Gia Lai,2628-GL006,13.948271,108.65496
Gia Lai,2628-GL007,13.739809,107.599838
Gia Lai,2628-GL008,13.951862,108.663151
Gia Lai,2628-GL009,13.97156,108.5018
Gia Lai,2628-GL010,13.646557,108.36763
Gia Lai,2628-GL011,13.409491,108.438466
Gia Lai,2628-GL012,13.36952,108.463434
Gia Lai,2628-GL013,13.598866,108.103456
Gia Lai,2628-GL014,13.777188,108.017685
Gia Lai,2628-GL015,13.971209,108.028426
Gia Lai,2628-GL016,13.983107,108.004144
Gia Lai,2628-GL017,13.950604,108.664288
Gia Lai,2628-GL018,13.970193,108.013154
Gia Lai,2628-GL019,13.978483,108.003875
Gia Lai,2628-GL020,13.5106,108.461753
Gia Lai,2628-GL021,13.99781,108.11733
Gia Lai,2628-GL022,13.875258,108.027693
Gia Lai,2628-GL023,13.427956,107.897781
Gia Lai,2628-GL024,13.472375,108.078599
Gia Lai,2628-GL025,13.695002,108.073407
Gia Lai,2628-GL026,13.758441,107.887146
Gia Lai,2628-GL027,13.961927,107.851874
Gia Lai,2628-GL028,13.9431,107.864758
Gia Lai,2628-GL029,13.201881,108.685697
Gia Lai,2628-GL030,13.190256,108.696266
Gia Lai,2628-GL031,14.007585,108.110355
Gia Lai,2628-GL032,13.106662,108.704005
Gia Lai,2628-GL033,13.361316,108.494053
Gia Lai,2628-GL034,13.984779,108.057596
Gia Lai,2628-GL035,13.943397,108.012807
Gia Lai,2628-GL036,13.988729,108.021141
Gia Lai,2628-GL037,13.984172,107.994406
Gia Lai,2628-GL038,13.989902,107.992518
Gia Lai,2628-GL039,13.989596,108.007286
Gia Lai,2628-GL040,13.986064,108.003962
Gia Lai,2628-GL041,13.999339,108.006812
Gia Lai,2628-GL042,13.974599,107.995458
Gia Lai,2628-GL043,13.970352,107.995547
Gia Lai,2628-GL044,13.97154,108.016191
Gia Lai,2628-GL045,13.976347,108.012349
Gia Lai,2628-GL046,13.956368,108.007023
Gia Lai,2628-GL047,13.979039,108.008107
Gia Lai,2628-GL048,13.881423,108.265377
Gia Lai,2628-GL049,13.995047,107.995383
Gia Lai,2628-GL050,14.206156,107.947648
Gia Lai,2628-GL051,14.008961,107.993039
Gia Lai,2628-GL052,13.979293,108.676357
Gia Lai,2628-GL053,14.061155,108.648715
Gia Lai,2628-GL054,14.0463,108.688441
Gia Lai,2628-GL055,13.824254,107.999485
Gia Lai,2628-GL056,13.803796,107.869217
Gia Lai,2628-GL057,13.72742,107.945262
Gia Lai,2628-GL058,13.746156,108.01923
Gia Lai,2628-GL059,13.530399,108.320134
Gia Lai,2628-GL060,13.977989,108.123256
Gia Lai,2628-GL061,13.936296,107.991118
Gia Lai,2628-GL062,13.42306,107.862815
Gia Lai,2628-GL063,13.430752,107.927907
Gia Lai,2628-GL064,13.697916,108.079322
Gia Lai,2628-GL065,13.714788,108.068426
Gia Lai,2628-GL066,13.753335,107.88398
Gia Lai,2628-GL067,13.746902,107.889915
Gia Lai,2628-GL068,13.961804,107.836789
Gia Lai,2628-GL069,13.858241,108.243785
Gia Lai,2628-GL070,13.850985,108.28414
Gia Lai,2628-GL071,13.793681,108.207903
Gia Lai,2628-GL072,13.820273,107.870768
Gia Lai,2628-GL073,13.834161,107.83052
Gia Lai,2628-GL074,14.007408,108.004836
Gia Lai,2628-GL075,13.982567,108.028512
Gia Lai,2628-GL076,13.977619,108.031993
Gia Lai,2628-GL077,14.037038,108.025032
Gia Lai,2628-GL078,13.944977,108.740276
Gia Lai,2628-GL079,14.02421,108.297675
Gia Lai,2628-GL080,13.973985,107.971437
Gia Lai,2628-GL081,13.94087,108.005224
Gia Lai,2628-GL082,13.929499,108.017482
Gia Lai,2628-GL083,13.969505,108.636294
Gia Lai,2628-GL084,13.671579,108.032437
Gia Lai,2628-GL085,13.6558,108.00194
Gia Lai,2628-GL086,13.642291,108.107005
Gia Lai,2628-GL087,13.54874349,108.1097609
Gia Lai,2628-GL088,14.107564,107.970229
Gia Lai,2628-GL089,14.152894,107.953343
Gia Lai,2628-GL090,13.942586,108.133513
Gia Lai,2628-GL091,14.07706,108.3284
Gia Lai,2628-GL092,14.08463,108.3175
Gia Lai,2628-GL093,13.993353,107.946268
Gia Lai,2628-GL094,14.024454,107.95403
Gia Lai,2628-GL095,13.923833,108.264093
Gia Lai,2628-GL096,13.863954,108.136547
Gia Lai,2628-GL097,14.103503,108.141768
Gia Lai,2628-GL098,14.163721,108.158448
Gia Lai,2628-GL099,13.955379,108.53012
Gia Lai,2628-GL100,13.958149,107.539592
Gia Lai,2628-GL101,13.8875,107.646661
Gia Lai,2628-GL102,13.738112,107.58932
Gia Lai,2628-GL103,13.715234,107.607717
Gia Lai,2628-GL104,14.120049,108.052469
Gia Lai,2628-GL105,14.137938,108.057396
Gia Lai,2628-GL106,14.23792,107.926965
Gia Lai,2628-GL107,14.109892,107.861724
Gia Lai,2628-GL108,14.087917,107.88793
Gia Lai,2628-GL109,13.933702,108.060159
Gia Lai,2628-GL110,13.947964,108.04508
Gia Lai,2628-GL111,13.660588,108.06377
Gia Lai,2628-GL112,13.597973,108.081336
Gia Lai,2628-GL113,13.64912,107.933561
Gia Lai,2628-GL114,13.969798,108.070153
Gia Lai,2628-GL115,13.820763,108.135718
Gia Lai,2628-GL116,13.707896,108.082287
Gia Lai,2628-GL117,13.610133,108.069195
Gia Lai,2628-GL118,13.39332,108.427613
Gia Lai,2628-GL119,13.429412,108.439831
Gia Lai,2628-GL120,13.448272,108.40601
Gia Lai,2628-GL121,13.521387,108.336852
Gia Lai,2628-GL122,13.573821,108.44586
Gia Lai,2628-GL123,13.780667,108.547388
Gia Lai,2628-GL124,13.959494,108.640264
Gia Lai,2628-GL125,14.031736,108.726629
Gia Lai,2628-GL126,13.966562,108.649506
Gia Lai,2628-GL127,13.704538,108.023183
Gia Lai,2628-GL128,13.743535,107.843111
Gia Lai,2628-GL129,13.755844,107.632077
Gia Lai,2628-GL130,14.081339,108.098051
Gia Lai,2628-GL131,13.89116,108.080993
Gia Lai,2628-GL132,13.863464,108.133211
Gia Lai,2628-GL133,13.8248233,107.6736674
TT Huế,2628-HU001,16.40789,107.59035
TT Huế,2628-HU002,16.440259,107.57194
TT Huế,2628-HU003,16.463245,107.607059
TT Huế,2628-HU004,16.14348,107.82791
TT Huế,2628-HU005,16.14091,107.85001
TT Huế,2628-HU006,16.4617114,107.5915368
TT Huế,2628-HU007,16.44617,107.58838
TT Huế,2628-HU008,16.45326,107.56393
TT Huế,2628-HU009,16.44260587,107.6046816
TT Huế,2628-HU010,16.45981494,107.5850259
TT Huế,2628-HU011,16.474058,107.572815
TT Huế,2628-HU012,16.200924,108.149994
TT Huế,2628-HU013,16.46977,107.57269
TT Huế,2628-HU014,16.47851,107.5993
TT Huế,2628-HU015,16.45071,107.594149
TT Huế,2628-HU016,16.46611,107.60891
TT Huế,2628-HU017,16.4676,107.593
TT Huế,2628-HU018,16.45742,107.575737
TT Huế,2628-HU019,16.283088,108.00301
TT Huế,2628-HU020,16.4298008,107.58569
TT Huế,2628-HU021,16.495347,107.585645
TT Huế,2628-HU022,16.457126,107.627383
TT Huế,2628-HU023,16.40240259,107.6610771
TT Huế,2628-HU024,16.478694,107.61242
TT Huế,2628-HU025,16.353647,107.677332
TT Huế,2628-HU026,16.710437,107.422924
TT Huế,2628-HU027,16.582,107.391402
TT Huế,2628-HU028,16.5618,107.591
TT Huế,2628-HU029,16.54311954,107.3710605
TT Huế,2628-HU030,16.25264,107.944217
TT Huế,2628-HU031,16.4364,107.6234
TT Huế,2628-HU032,16.460681,107.549286
TT Huế,2628-HU033,16.549724,107.439047
TT Huế,2628-HU034,16.46728,107.558256
TT Huế,2628-HU035,16.480586,107.563173
TT Huế,2628-HU036,16.448692,107.589753
TT Huế,2628-HU037,16.493807,107.600129
TT Huế,2628-HU038,16.469749,107.613765
TT Huế,2628-HU039,16.4907,107.62408
TT Huế,2628-HU040,16.51492,107.715002
TT Huế,2628-HU041,16.41663957,107.8234702
TT Huế,2628-HU042,16.61070076,107.5568316
TT Huế,2628-HU043,16.27568889,107.8808521
TT Huế,2628-HU044,16.45163254,107.7970113
TT Huế,2628-HU045,16.43213053,107.7354741
TT Huế,2628-HU046,16.21706436,107.7249128
TT Huế,2628-HU047,16.47267,107.529738
TT Huế,2628-HU048,16.45743701,107.5799475
TT Huế,2628-HU049,16.45858442,107.5877452
TT Huế,2628-HU050,16.49688217,107.6171411
TT Huế,2628-HU051,16.44216595,107.5766811
TT Huế,2628-HU052,16.30224732,107.2124516
TT Huế,2628-HU053,16.4106528,107.6105516
TT Huế,2628-HU054,16.46169687,107.5642755
TT Huế,2628-HU055,16.44445232,107.5830619
TT Huế,2628-HU056,16.44807273,107.6042397
TT Huế,2628-HU057,16.48190748,107.593255
TT Huế,2628-HU058,16.461618,107.612037
TT Huế,2628-HU059,16.4729,107.56948
TT Huế,2628-HU060,16.44581209,107.734062
TT Huế,2628-HU061,16.5506,107.60725
TT Huế,2628-HU062,16.21566171,108.0327914
TT Huế,2628-HU063,16.414,107.58721
TT Huế,2628-HU064,16.25993876,107.2928437
TT Huế,2628-HU065,16.45398254,107.5943121
TT Huế,2628-HU066,16.41795928,107.6697524
TT Huế,2628-HU067,16.48210813,107.6112227
TT Huế,2628-HU069,16.48049064,107.6120173
TT Huế,2628-HU070,16.51976343,107.4648656
TT Huế,2628-HU071,16.45904425,107.5894739
TT Huế,2628-HU072,16.49039378,107.5467062
TT Huế,2628-HU073,16.60024062,107.3746193
TT Huế,2628-HU074,16.59575338,107.3848396
TT Huế,2628-HU075,16.58865366,107.3758533
TT Huế,2628-HU076,16.39637323,107.7032756
TT Huế,2628-HU077,16.487691,107.440424
TT Huế,2628-HU078,16.482289,107.61585
TT Huế,2628-HU079,16.478042,107.615692
TT Huế,2628-HU080,16.530308,107.318124
TT Huế,2628-HU081,16.504518,107.627139
TT Huế,2628-HU082,16.413942,107.549913
TT Huế,2628-HU083,16.297358,108.004159
TT Huế,2628-HU084,16.311379,107.788081
TT Huế,2628-HU085,16.542048,107.291465
TT Huế,2628-HU086,16.578316,107.243649
TT Huế,2628-HU087,16.453119,107.625665
TT Huế,2628-HU088,16.396056,107.691815
TT Huế,2628-HU089,16.440919,107.618234
TT Huế,2628-HU090,16.483573,107.611275
TT Huế,2628-HU091,16.467416,107.569572
TT Huế,2628-HU092,16.466981,107.575177
TT Huế,2628-HU093,16.211538,108.116153
TT Huế,2628-HU094,16.448256,107.617752
TT Huế,2628-HU095,16.45599,107.54836
TT Huế,2628-HU096,16.489291,107.610218
TT Huế,2628-HU097,16.4364,107.6234
TT Huế,2628-HU098,16.695563,107.356145
TT Huế,2628-HU099,16.655284,107.495797
TT Huế,2628-HU100,16.672951,107.442895
TT Huế,2628-HU101,16.405069,107.67177
TT Huế,2628-HU102,16.4244,107.65643
TT Huế,2628-HU103,16.37285,107.722884
TT Huế,2628-HU104,16.622,107.5426
TT Huế,2628-HU105,16.565799,107.631398
TT Huế,2628-HU106,16.442754,107.5595
TT Huế,2628-HU107,16.453113,107.616602
TT Huế,2628-HU108,16.581118,107.518015
TT Huế,2628-HU109,16.530549,107.491769
TT Huế,2628-HU110,16.493408,107.610618
TT Huế,2628-HU111,16.604144,107.56601
TT Huế,2628-HU112,16.639845,107.42893
TT Huế,2628-HU113,16.371314,107.70197
TT Huế,2628-HU114,16.628741,107.533738
TT Huế,2628-HU115,16.497687,107.528505
TT Huế,2628-HU116,16.435919,107.607032
TT Huế,2628-HU117,16.467776,107.566831
TT Huế,2628-HU118,16.4474,107.44974
TT Huế,2628-HU119,16.344068,107.442866
TT Huế,2628-HU120,16.269353,107.370693
TT Huế,2628-HU121,16.581065,107.545847
TT Huế,2628-HU122,16.462406,107.725934
TT Huế,2628-HU123,16.487742,107.553867
TT Huế,2628-HU124,16.459489,107.623564
TT Huế,2628-HU125,16.461319,107.431326
TT Huế,2628-HU126,16.482289,107.61585
TT Huế,2628-HU127,16.450249,107.582341
TT Huế,2628-HU128,16.451159,107.628999
TT Huế,2628-HU129,16.434396,107.573213
TT Huế,2628-HU130,16.499425,107.569811
TT Huế,2628-HU131,16.45038,107.598135
TT Huế,2628-HU132,16.42315,107.589167
TT Huế,2628-HU133,16.396056,107.691815
TT Huế,2628-HU134,16.377641,107.69152
TT Huế,2628-HU135,16.482572,107.579073
TT Huế,2628-HU136,16.472902,107.631334
TT Huế,2628-HU137,16.466736,107.62727
TT Huế,2628-HU138,16.484503,107.624955
TT Huế,2628-HU139,16.48027,107.56644
TT Huế,2628-HU140,16.362573,107.472202
Khánh Hòa,2628-KH001,12.22458587,109.1864865
Khánh Hòa,2628-KH002,12.00871,109.21482
Khánh Hòa,2628-KH003,12.244594,109.025237
Khánh Hòa,2628-KH004,12.383014,108.966474
Khánh Hòa,2628-KH005,12.475552,109.050805
Khánh Hòa,2628-KH006,12.645231,109.179693
Khánh Hòa,2628-KH007,12.236407,109.16862
Khánh Hòa,2628-KH008,12.482955,109.275915
Khánh Hòa,2628-KH009,12.35777,108.97013
Khánh Hòa,2628-KH010,12.667284,109.155789
Khánh Hòa,2628-KH011,12.51243,108.918273
Khánh Hòa,2628-KH012,12.19838,109.05333
Khánh Hòa,2628-KH013,11.98916,109.15978
Khánh Hòa,2628-KH014,12.25106,109.05529
Khánh Hòa,2628-KH015,12.48028,109.13293
Khánh Hòa,2628-KH016,11.925497,109.163377
Khánh Hòa,2628-KH017,12.26682,109.115327
Khánh Hòa,2628-KH018,12.42172602,108.9762107
Khánh Hòa,2628-KH019,12.25765403,109.1539183
Khánh Hòa,2628-KH020,12.19982,109.17318
Khánh Hòa,2628-KH021,12.247604,109.17954
Khánh Hòa,2628-KH022,12.242619,109.174594
Khánh Hòa,2628-KH023,12.098037,109.153556
Khánh Hòa,2628-KH024,12.374385,109.195272
Khánh Hòa,2628-KH025,12.279907,109.176331
Khánh Hòa,2628-KH026,12.225523,109.09933
Khánh Hòa,2628-KH027,12.03312648,109.2128807
Khánh Hòa,2628-KH028,11.839593,109.086736
Khánh Hòa,2628-KH029,11.90205173,109.1011764
Khánh Hòa,2628-KH030,11.91371241,109.1019739
Khánh Hòa,2628-KH031,11.99509168,109.0815232
Khánh Hòa,2628-KH032,12.021857,109.105679
Khánh Hòa,2628-KH033,12.126265,109.082699
Khánh Hòa,2628-KH034,12.35688612,108.9648064
Khánh Hòa,2628-KH035,12.491127,109.064464
Khánh Hòa,2628-KH036,12.536211,109.086892
Khánh Hòa,2628-KH037,12.43979968,109.0025585
Khánh Hòa,2628-KH038,12.569186,109.113352
Khánh Hòa,2628-KH039,12.614471,109.168067
Khánh Hòa,2628-KH040,12.675497,109.183678
Khánh Hòa,2628-KH041,12.75854737,109.2749251
Khánh Hòa,2628-KH042,12.160937,109.076382
Khánh Hòa,2628-KH043,12.219408,109.200243
Khánh Hòa,2628-KH044,12.776099,109.308902
Khánh Hòa,2628-KH045,12.652166,109.413531
Khánh Hòa,2628-KH046,12.151545,109.07409
Khánh Hòa,2628-KH047,12.280022,108.797895
Khánh Hòa,2628-KH048,12.16794226,109.055923
Khánh Hòa,2628-KH049,12.162163,109.202635
Khánh Hòa,2628-KH050,12.217896,109.08062
Khánh Hòa,2628-KH051,12.462006,109.290845
Khánh Hòa,2628-KH052,12.512225,109.225261
Khánh Hòa,2628-KH053,12.506726,109.2435
Khánh Hòa,2628-KH054,12.685669,109.162396
Khánh Hòa,2628-KH055,12.747151,109.223927
Khánh Hòa,2628-KH056,12.272251,109.203646
Khánh Hòa,2628-KH057,12.268898,109.200592
Khánh Hòa,2628-KH058,12.270285,109.199575
Khánh Hòa,2628-KH059,12.19894068,109.2027168
Khánh Hòa,2628-KH060,12.0068288,109.2141764
Khánh Hòa,2628-KH061,12.58740278,109.4138167
Khánh Hòa,2628-KH062,12.63204781,109.4018821
Khánh Hòa,2628-KH063,12.40945942,108.9343362
Khánh Hòa,2628-KH064,12.26037863,108.8959213
Khánh Hòa,2628-KH065,12.196473,109.172403
Khánh Hòa,2628-KH066,12.675607,109.215411
Khánh Hòa,2628-KH067,12.28599171,109.2043606
Khánh Hòa,2628-KH068,12.135508,109.034364
Khánh Hòa,2628-KH069,12.113098,108.997627
Khánh Hòa,2628-KH070,12.194768,109.224695
Khánh Hòa,2628-KH071,11.926308,109.157955
Khánh Hòa,2628-KH072,12.146839,109.064409
Khánh Hòa,2628-KH073,12.294578,109.230267
Khánh Hòa,2628-KH074,12.450744,109.284742
Khánh Hòa,2628-KH075,12.227098,109.130337
Khánh Hòa,2628-KH076,12.11939773,108.9480278
Khánh Hòa,2628-KH077,12.213431,109.239913
Khánh Hòa,2628-KH078,12.184595,109.163131
Khánh Hòa,2628-KH079,12.224638,109.251161
Khánh Hòa,2628-KH080,12.246647,109.193816
Khánh Hòa,2628-KH081,12.262771,109.150084
Khánh Hòa,2628-KH082,12.314775,109.156089
Khánh Hòa,2628-KH083,12.272523,109.168944
Khánh Hòa,2628-KH084,12.19824573,109.2062869
Khánh Hòa,2628-KH085,12.20995498,109.2067898
Khánh Hòa,2628-KH086,12.24558274,109.1663094
Khánh Hòa,2628-KH087,12.24840451,109.1639202
Khánh Hòa,2628-KH088,12.24392049,109.1675252
Khánh Hòa,2628-KH089,12.24159919,109.1703135
Khánh Hòa,2628-KH090,12.237963,109.169939
Khánh Hòa,2628-KH091,12.23673518,109.1716554
Khánh Hòa,2628-KH092,12.23337282,109.1826273
Khánh Hòa,2628-KH093,12.21508739,109.1879098
Khánh Hòa,2628-KH094,12.22027074,109.1802316
Khánh Hòa,2628-KH095,12.21973892,109.1843428
Khánh Hòa,2628-KH096,12.21583554,109.1832807
Khánh Hòa,2628-KH097,12.21370881,109.1772855
Khánh Hòa,2628-KH098,12.21125811,109.1773663
Khánh Hòa,2628-KH099,12.23358429,109.176625
Khánh Hòa,2628-KH100,12.20370234,109.1905702
Khánh Hòa,2628-KH101,12.19993541,109.0786349
Khánh Hòa,2628-KH102,12.23009321,109.1680865
Khánh Hòa,2628-KH103,12.22313707,109.1640093
Khánh Hòa,2628-KH104,12.22469911,109.1546639
Khánh Hòa,2628-KH105,12.406409,108.957383
Khánh Hòa,2628-KH106,12.22599508,109.1688816
Khánh Hòa,2628-KH107,12.27079523,109.1944374
Khánh Hòa,2628-KH108,12.25936641,109.0946383
Khánh Hòa,2628-KH109,12.25901212,109.103315
Khánh Hòa,2628-KH110,12.19819384,109.2137355
Khánh Hòa,2628-KH111,12.23692584,109.182449
Khánh Hòa,2628-KH112,12.24347564,109.1902715
Khánh Hòa,2628-KH113,12.23838847,109.1786084
Khánh Hòa,2628-KH114,12.30075137,109.2379014
Khánh Hòa,2628-KH115,12.2564,109.1704
Khánh Hòa,2628-KH116,12.06468895,109.1986174
Khánh Hòa,2628-KH117,12.321195,109.041224
Kon Tum,2628-KT001,14.337818,108.038253
Kon Tum,2628-KT002,14.355548,108.022529
Kon Tum,2628-KT003,14.172575,107.458592
Kon Tum,2628-KT004,15.070031,107.745166
Kon Tum,2628-KT006,14.3393801,107.9997928
Kon Tum,2628-KT007,14.35337518,107.9976406
Kon Tum,2628-KT008,14.816775,107.945638
Kon Tum,2628-KT009,14.32469,107.981064
Kon Tum,2628-KT010,14.605459,108.287711
Kon Tum,2628-KT012,14.836521,107.663821
Kon Tum,2628-KT013,14.476997,107.855888
Kon Tum,2628-KT014,14.620685,108.329279
Kon Tum,2628-KT015,14.766549,108.385955
Kon Tum,2628-KT016,14.58901,107.998837
Kon Tum,2628-KT017,14.601867,107.954291
Kon Tum,2628-KT018,14.900538,107.823249
Kon Tum,2628-KT020,14.920372,107.934984
Kon Tum,2628-KT021,14.889864,107.617075
Kon Tum,2628-KT022,14.548572,107.920579
Kon Tum,2628-KT024,14.378661,107.941805
Kon Tum,2628-KT025,14.365444,108.014248
Kon Tum,2628-KT026,14.362194,107.994795
Kon Tum,2628-KT027,14.362793,108.004729
Kon Tum,2628-KT028,14.51558,107.932648
Kon Tum,2628-KT030,14.561585,108.15363
Kon Tum,2628-KT031,14.621296,107.649652
Kon Tum,2628-KT032,14.828793,108.38416
Kon Tum,2628-KT033,14.670038,107.839925
Kon Tum,2628-KT034,14.281737,108.00998
Kon Tum,2628-KT035,14.321961,108.035546
Kon Tum,2628-KT036,14.890342,107.709145
Kon Tum,2628-KT037,14.593614,108.295386
Kon Tum,2628-KT038,14.565266,108.274968
Kon Tum,2628-KT039,15.018699,108.241449
Kon Tum,2628-KT040,14.886451,108.326185
Kon Tum,2628-KT041,14.799812,108.387471
Kon Tum,2628-KT042,14.590873,108.469876
Kon Tum,2628-KT043,14.625576,108.44642
Kon Tum,2628-KT044,14.764139,108.162492
Kon Tum,2628-KT045,15.060023,107.668948
Kon Tum,2628-KT046,14.01331,107.376022
Kon Tum,2628-KT047,14.00175,107.408477
Kon Tum,2628-KT048,14.088282,107.587558
Kon Tum,2628-KT049,13.982266,107.492758
Kon Tum,2628-KT050,14.21444,107.460963
Kon Tum,2628-KT051,14.144812,107.419444
Kon Tum,2628-KT052,14.409355,107.603204
Kon Tum,2628-KT053,14.50152,107.874629
Kon Tum,2628-KT054,14.534478,107.90866
Kon Tum,2628-KT055,14.397822,108.116084
Kon Tum,2628-KT056,14.361325,108.001074
Kon Tum,2628-KT057,14.341205,107.994952
Kon Tum,2628-KT058,14.647911,108.346848
Kon Tum,2628-KT059,14.839782,108.18453
Kon Tum,2628-KT060,14.88638,108.172086
Kon Tum,2628-KT061,14.864156,108.186734
Kon Tum,2628-KT062,14.77621,107.932289
Kon Tum,2628-KT063,14.845223,107.952254
Kon Tum,2628-KT064,14.871931,107.976045
Kon Tum,2628-KT065,14.764208,108.48896
Kon Tum,2628-KT066,14.743996,108.471942
Kon Tum,2628-KT067,14.654954,108.425997
Kon Tum,2628-KT068,14.523944,107.958193
Kon Tum,2628-KT069,14.361347,108.013026
Kon Tum,2628-KT070,14.341073,108.04682
Kon Tum,2628-KT071,14.339001,107.991996
Kon Tum,2628-KT072,14.316171,107.98038
Kon Tum,2628-KT073,14.666113,108.363624
Kon Tum,2628-KT074,14.429441,108.121811
Kon Tum,2628-KT075,14.835707,107.868719
Kon Tum,2628-KT076,15.006322,107.751845
Kon Tum,2628-KT077,15.177632,107.745768
Kon Tum,2628-KT078,14.480902,108.320565
Kon Tum,2628-KT079,14.898701,108.013389
Kon Tum,2628-KT080,14.794264,107.859309
Kon Tum,2628-KT081,15.086458,107.676845
Kon Tum,2628-KT082,14.37992806,107.9975328
Kon Tum,2628-KT083,14.38731818,108.0419799
Kon Tum,2628-KT084,14.37372191,107.8768312
Kon Tum,2628-KT085,14.384876,108.02825
Kon Tum,2628-KT086,14.37088201,108.0658356
Kon Tum,2628-KT087,14.37178,108.015296
Kon Tum,2628-KT088,14.3566413,108.0572601
Kon Tum,2628-KT089,14.4085993,107.9938179
Kon Tum,2628-KT090,14.737555,108.241108
Kon Tum,2628-KT091,14.534066,107.932324
Kon Tum,2628-KT092,14.436712,107.943117
Kon Tum,2628-KT093,14.588626,108.288128
Kon Tum,2628-KT094,14.9872900,108.2636533
Kon Tum,2628-KT095,14.3783183,107.5463400
Kon Tum,2628-KT096,15.1142400,107.8057100
Phú Yên,2628-PY151,13.315459,109.035514
Phú Yên,2828-PY001,12.996186,109.32942
Phú Yên,2828-PY002,13.29158863,109.2153969
Phú Yên,2828-PY003,13.064548,109.26329
Phú Yên,2828-PY004,13.66365289,109.1796357
Phú Yên,2828-PY005,13.153518,109.28432
Phú Yên,2828-PY006,13.25931449,109.2271147
Phú Yên,2828-PY007,13.43359366,109.1994567
Phú Yên,2828-PY008,13.49259354,109.1788546
Phú Yên,2828-PY009,13.57797271,109.1919473
Phú Yên,2828-PY010,13.101713,109.290965
Phú Yên,2828-PY011,13.415376,109.098041
Phú Yên,2828-PY012,12.975575,109.012757
Phú Yên,2828-PY013,13.115925,108.81607
Phú Yên,2828-PY015,13.50036299,109.0259581
Phú Yên,2828-PY016,13.46221,109.216823
Phú Yên,2828-PY017,13.122965,109.263612
Phú Yên,2828-PY018,13.049448,109.344709
Phú Yên,2828-PY019,13.385441,109.106139
Phú Yên,2828-PY020,12.965768,108.741307
Phú Yên,2828-PY021,13.010459,109.265803
Phú Yên,2828-PY022,13.473742,109.039418
Phú Yên,2828-PY023,13.093295,109.313303
Phú Yên,2828-PY024,13.103086,109.298537
Phú Yên,2828-PY026,13.119322,109.286285
Phú Yên,2828-PY027,13.095217,109.313015
Phú Yên,2828-PY030,13.056156,109.277702
Phú Yên,2828-PY032,12.965054,109.361782
Phú Yên,2828-PY033,12.994301,109.321101
Phú Yên,2828-PY034,13.058055,109.323393
Phú Yên,2828-PY035,13.266589,109.309565
Phú Yên,2828-PY036,13.097258,109.32111
Phú Yên,2828-PY037,13.090986,109.321786
Phú Yên,2828-PY038,13.095063,109.318838
Phú Yên,2828-PY039,13.311033,109.199075
Phú Yên,2828-PY041,13.16729,109.28874
Phú Yên,2828-PY042,13.24757796,109.2339229
Phú Yên,2828-PY043,13.117312,109.305479
Phú Yên,2828-PY044,13.40459505,109.1963032
Phú Yên,2828-PY045,13.51907647,109.1848346
Phú Yên,2828-PY046,13.54731143,109.1806799
Phú Yên,2828-PY047,13.088008,109.31157
Phú Yên,2828-PY048,13.085325,109.309161
Phú Yên,2828-PY049,13.087803,109.300159
Phú Yên,2828-PY050,13.086341,109.297027
Phú Yên,2828-PY051,13.096618,109.289876
Phú Yên,2828-PY052,13.10576,109.282571
Phú Yên,2828-PY053,13.105611,109.268756
Phú Yên,2828-PY054,13.119131,109.281687
Phú Yên,2828-PY055,13.127745,109.278018
Phú Yên,2828-PY056,13.108329,109.293262
Phú Yên,2828-PY057,13.101531,109.306786
Phú Yên,2828-PY059,13.087008,109.315877
Phú Yên,2828-PY060,13.113907,109.306882
Phú Yên,2828-PY063,13.06312,109.338382
Phú Yên,2828-PY064,13.064392,109.333168
Phú Yên,2828-PY065,13.051791,109.331728
Phú Yên,2828-PY066,13.050082,109.301229
Phú Yên,2828-PY067,13.056003,109.332587
Phú Yên,2828-PY068,13.062052,109.322257
Phú Yên,2828-PY069,13.09543,109.296198
Phú Yên,2828-PY070,13.084279,109.30094
Phú Yên,2828-PY071,13.062766,109.28336
Phú Yên,2828-PY072,13.060303,109.267799
Phú Yên,2828-PY073,13.065757,109.254211
Phú Yên,2828-PY074,13.075432,109.237551
Phú Yên,2828-PY075,13.065517,109.232787
Phú Yên,2828-PY076,13.030342,109.217368
Phú Yên,2828-PY077,13.047168,109.241782
Phú Yên,2828-PY078,13.091585,109.236003
Phú Yên,2828-PY079,13.467708,108.923772
Phú Yên,2828-PY080,13.37264,108.970812
Phú Yên,2828-PY081,13.356525,109.0048
Phú Yên,2828-PY082,13.294379,109.074813
Phú Yên,2828-PY083,13.310404,109.074706
Phú Yên,2828-PY084,12.952672,109.351462
Phú Yên,2828-PY085,12.97201,109.337736
Phú Yên,2828-PY086,12.991928,109.288299
Phú Yên,2828-PY087,13.025236,109.289965
Phú Yên,2828-PY089,13.005167,109.356196
Phú Yên,2828-PY090,13.01102,109.368207
Phú Yên,2828-PY091,12.996077,109.381271
Phú Yên,2828-PY092,12.979303,109.391037
Phú Yên,2828-PY093,12.967367,109.400873
Phú Yên,2828-PY095,13.054677,109.330113
Phú Yên,2828-PY096,12.968207,108.871739
Phú Yên,2828-PY098,12.948313,108.961132
Phú Yên,2828-PY099,12.981338,108.773539
Phú Yên,2828-PY100,13.064912,108.950699
Phú Yên,2828-PY101,12.983611,108.728026
Phú Yên,2828-PY102,12.992294,108.938113
Phú Yên,2828-PY103,12.988941,109.061282
Phú Yên,2828-PY104,12.990535,109.094135
Phú Yên,2828-PY105,12.946402,109.03703
Phú Yên,2828-PY106,12.931407,109.20647
Phú Yên,2828-PY107,12.923426,109.226306
Phú Yên,2828-PY108,12.929615,109.261795
Phú Yên,2828-PY109,12.956666,109.254968
Phú Yên,2828-PY111,13.109305,108.771735
Phú Yên,2828-PY112,13.093261,108.916619
Phú Yên,2828-PY113,13.190301,108.985163
Phú Yên,2828-PY116,13.064789,108.987005
Phú Yên,2828-PY117,13.061807,109.04698
Phú Yên,2828-PY118,13.18388,109.123054
Phú Yên,2828-PY119,13.034361,109.038123
Phú Yên,2828-PY121,13.256474,109.171686
Phú Yên,2828-PY122,13.341814,109.268209
Phú Yên,2828-PY123,13.338558,109.288082
Phú Yên,2828-PY124,13.475843,109.273347
Phú Yên,2828-PY125,13.578184,109.230638
Phú Yên,2828-PY126,13.06831738,109.3154031
Phú Yên,2828-PY127,13.32169958,109.0611837
Phú Yên,2828-PY128,13.06553971,109.0608958
Phú Yên,2828-PY129,13.17368389,109.208672
Phú Yên,2828-PY130,13.05807286,109.3321302
Phú Yên,2828-PY131,13.11261226,109.2642611
Phú Yên,2828-PY132,12.88343808,109.3916569
Phú Yên,2828-PY133,13.508223,109.045978
Phú Yên,2828-PY134,13.02499075,108.9238609
Phú Yên,2828-PY135,13.22533976,109.2498135
Phú Yên,2828-PY136,12.94766568,109.3882349
Phú Yên,2828-PY137,13.2988423,109.0445717
Phú Yên,2828-PY138,13.33597044,109.0832079
Phú Yên,2828-PY139,13.05501999,109.086661
Phú Yên,2828-PY140,12.987025,109.186914
Phú Yên,2828-PY141,12.995897,109.186599
Phú Yên,2828-PY142,12.859311,109.402153
Phú Yên,2828-PY144,13.105094,109.294722
Phú Yên,2828-PY145,13.317487,109.258323
Phú Yên,2828-PY146,13.111571,109.30375
Phú Yên,2828-PY148,12.992337,109.338235
Phú Yên,2828-PY149,13.310165,109.225384
Phú Yên,2828-PY150,13.344911,109.222516
Quảng Nam,2628-QA001,15.877207,108.320242
Quảng Nam,2628-QA003,15.877169,108.328611
Quảng Nam,2628-QA004,15.60882,107.846643
Quảng Nam,2628-QA005,15.72652,107.804503
Quảng Nam,2628-QA006,15.63412183,107.8336676
Quảng Nam,2628-QA007,15.7374,108.35621
Quảng Nam,2628-QA008,15.575039,107.831439
Quảng Nam,2628-QA010,15.877789,108.035186
Quảng Nam,2628-QA011,15.576966,108.481468
Quảng Nam,2628-QA012,15.598036,108.14755
Quảng Nam,2628-QA013,15.672333,108.410335
Quảng Nam,2628-QA014,15.57411,108.474003
Quảng Nam,2628-QA016,15.56964,108.46666
Quảng Nam,2628-QA017,15.55035,108.48124
Quảng Nam,2628-QA018,15.88749,108.25356
Quảng Nam,2628-QA019,15.95687,108.26513
Quảng Nam,2628-QA020,15.93404168,108.5246462
Quảng Nam,2628-QA021,15.889595,108.207524
Quảng Nam,2628-QA022,15.889575,108.358531
Quảng Nam,2628-QA023,15.879584,108.372959
Quảng Nam,2628-QA025,15.871338,108.309733
Quảng Nam,2628-QA028,15.777938,108.077489
Quảng Nam,2628-QA029,15.73603,108.046433
Quảng Nam,2628-QA030,15.88255,108.24646
Quảng Nam,2628-QA031,15.873965,108.248219
Quảng Nam,2628-QA032,15.904749,108.224136
Quảng Nam,2628-QA033,15.849423,108.225991
Quảng Nam,2628-QA034,15.450334,108.600965
Quảng Nam,2628-QA035,15.937338,108.1506386
Quảng Nam,2628-QA036,15.71922864,108.3553593
Quảng Nam,2628-QA037,15.937848,108.310409
Quảng Nam,2628-QA038,15.632042,107.969758
Quảng Nam,2628-QA039,15.887793,108.319711
Quảng Nam,2628-QA040,15.888596,108.120195
Quảng Nam,2628-QA041,15.712978,108.060558
Quảng Nam,2628-QA042,15.95873,108.274477
Quảng Nam,2628-QA044,15.835954,107.946856
Quảng Nam,2628-QA045,15.778478,107.749152
Quảng Nam,2628-QA046,15.861652,108.228027
Quảng Nam,2628-QA047,15.864711,107.90223
Quảng Nam,2628-QA048,15.872941,107.76459
Quảng Nam,2628-QA049,15.95836,107.757987
Quảng Nam,2628-QA050,15.927965,107.663498
Quảng Nam,2628-QA051,15.853792,108.401131
Quảng Nam,2628-QA052,15.93240353,108.3134816
Quảng Nam,2628-QA054,15.837221,107.382182
Quảng Nam,2628-QA055,15.921059,108.302007
Quảng Nam,2628-QA056,15.887549,108.368802
Quảng Nam,2628-QA058,15.590388,108.467377
Quảng Nam,2628-QA059,15.838499,108.266142
Quảng Nam,2628-QA060,15.876113,108.363474
Quảng Nam,2628-QA062,15.800674,108.285284
Quảng Nam,2628-QA064,15.82807,108.394688
Quảng Nam,2628-QA065,15.877432,108.340414
Quảng Nam,2628-QA066,15.878512,108.230807
Quảng Nam,2628-QA067,15.922856,108.192972
Quảng Nam,2628-QA068,15.561716,108.478838
Quảng Nam,2628-QA069,15.553608,108.482858
Quảng Nam,2628-QA070,15.788438,108.223769
Quảng Nam,2628-QA071,15.814371,108.099552
Quảng Nam,2628-QA072,15.570555,108.470809
Quảng Nam,2628-QA074,15.857334,108.281043
Quảng Nam,2628-QA075,15.663067,107.8061
Quảng Nam,2628-QA076,15.889278,108.085469
Quảng Nam,2628-QA077,15.861354,107.987604
Quảng Nam,2628-QA078,15.85783901,107.9280772
Quảng Nam,2628-QA079,15.859336,107.95463
Quảng Nam,2628-QA081,15.779914,107.795049
Quảng Nam,2628-QA082,15.813664,107.707377
Quảng Nam,2628-QA083,15.801774,107.721067
Quảng Nam,2628-QA084,15.825956,107.7001
Quảng Nam,2628-QA086,15.870483,107.649122
Quảng Nam,2628-QA087,15.272116,107.726824
Quảng Nam,2628-QA090,15.440703,108.452259
Quảng Nam,2628-QA091,15.927542,108.26963
Quảng Nam,2628-QA092,15.943368,108.261388
Quảng Nam,2628-QA093,15.93016,108.256185
Quảng Nam,2628-QA094,15.938806,108.263808
Quảng Nam,2628-QA097,15.89016,108.299111
Quảng Nam,2628-QA098,15.903654,108.319205
Quảng Nam,2628-QA099,15.891104,108.246343
Quảng Nam,2628-QA101,15.955684,108.245791
Quảng Nam,2628-QA102,15.95173,108.295953
Quảng Nam,2628-QA103,15.928695,108.317777
Quảng Nam,2628-QA104,15.90847378,108.2483529
Quảng Nam,2628-QA105,15.89718283,108.2700006
Quảng Nam,2628-QA106,15.8936327,108.1412288
Quảng Nam,2628-QA107,15.84050622,108.1992788
Quảng Nam,2628-QA108,15.915727,108.335354
Quảng Nam,2628-QA109,15.892585,108.315179
Quảng Nam,2628-QA110,15.876278,108.346475
Quảng Nam,2628-QA111,15.573964,108.472284
Quảng Nam,2628-QA112,15.483302,108.546411
Quảng Nam,2628-QA114,15.553264,108.463086
Quảng Nam,2628-QA116,15.592335,108.489901
Quảng Nam,2628-QA117,15.605242,108.47838
Quảng Nam,2628-QA118,15.597638,108.520922
Quảng Nam,2628-QA120,15.45325,108.620488
Quảng Nam,2628-QA121,15.410679,108.66628
Quảng Nam,2628-QA126,15.77039,108.432118
Quảng Nam,2628-QA127,15.668105,108.494093
Quảng Nam,2628-QA129,15.496137,108.465747
Quảng Nam,2628-QA130,15.468351,108.344443
Quảng Nam,2628-QA131,15.482664,108.310354
Quảng Nam,2628-QA133,15.606307,108.18497
Quảng Nam,2628-QA134,15.604935,108.219993
Quảng Nam,2628-QA135,15.86681,108.00601
Quảng Nam,2628-QA136,15.877158,108.325562
Quảng Nam,2628-QA137,15.876577,108.327605
Quảng Nam,2628-QA138,15.757145,108.323387
Quảng Nam,2628-QA139,15.895962,108.280075
Quảng Nam,2628-QA140,15.602224,108.483248
Quảng Nam,2628-QA141,15.942481,107.588915
Quảng Nam,2628-QA142,15.902227,107.667379
Quảng Nam,2628-QA143,15.949844,107.783519
Quảng Nam,2628-QA144,15.448895,108.535631
Quảng Nam,2628-QA145,15.323379,107.731145
Quảng Nam,2628-QA146,15.924555,108.310473
Quảng Nam,2628-QA147,15.913362,108.322502
Quảng Nam,2628-QA148,15.890764,108.305274
Quảng Nam,2628-QA149,15.955093,108.272911
Quảng Nam,2628-QA150,15.453325,108.386836
Quảng Nam,2628-QA151,15.879098,107.846343
Quảng Nam,2628-QA152,15.995473,107.94372
Quảng Nam,2628-QA153,15.979413,107.933662
Quảng Nam,2628-QA154,15.865947,107.401881
Quảng Nam,2628-QA155,15.715221,108.093865
Quảng Nam,2628-QA156,15.593188,108.275942
Quảng Nam,2628-QA157,15.604208,108.266708
Quảng Nam,2628-QA158,15.568926,108.061988
Quảng Nam,2628-QA159,15.440584,107.750989
Quảng Nam,2628-QA160,15.384709,107.804885
Quảng Nam,2628-QA161,15.35017,107.827526
Quảng Nam,2628-QA162,15.511575,108.26982
Quảng Nam,2628-QA163,15.495289,108.282873
Quảng Nam,2628-QA164,15.534975,108.335351
Quảng Nam,2628-QA165,15.466746,108.278976
Quảng Nam,2628-QA166,15.429728,108.247112
Quảng Nam,2628-QA167,15.445295,108.63942
Quảng Nam,2628-QA168,15.45271,108.626637
Quảng Nam,2628-QA169,15.481625,108.407275
Quảng Nam,2628-QA170,15.495505,108.343496
Quảng Nam,2628-QA171,15.479674,108.181482
Quảng Nam,2628-QA172,15.460355,108.22974
Quảng Nam,2628-QA173,15.89981226,108.360687
Quảng Nam,2628-QA174,15.617537,107.541599
Quảng Nam,2628-QA175,15.642003,107.562057
Quảng Nam,2628-QA176,15.654077,107.574443
Quảng Nam,2628-QA177,15.994221,107.506916
Quảng Nam,2628-QA178,15.412122,108.252118
Quảng Nam,2628-QA179,15.894108,108.238692
Quảng Nam,2628-QA180,15.969101,108.244637
Quảng Nam,2628-QA181,15.889889,108.371904
Quảng Nam,2628-QA182,15.733874,108.368491
Quảng Nam,2628-QA183,15.486738,108.022505
Quảng Nam,2628-QA184,15.592325,108.155705
Quảng Nam,2628-QA185,15.414661,108.719052
Quảng Nam,2628-QA186,15.63833,108.41199
Quảng Nam,2628-QA187,15.956022,107.474751
Quảng Nam,2628-QA188,15.7089080,107.3335700
Quảng Nam,2628-QA189,15.6755040,107.4982600
Quảng Nam,2628-QA190,15.2860820,107.8913960
Quảng Nam,2628-QA191,15.0383325,108.0693986
Quảng Nam,2628-QA192,15.2400190,108.1783730
Quảng Nam,2628-QA193,15.1130170,108.1801220
Quảng Ngãi,2628-QN002,14.890104,108.897498
Quảng Ngãi,2628-QN003,14.761199,108.557876
Quảng Ngãi,2628-QN004,14.7556,108.9778
Quảng Ngãi,2628-QN006,15.09064,108.82166
Quảng Ngãi,2628-QN007,14.709574,108.589361
Quảng Ngãi,2628-QN008,14.806901,108.748972
Quảng Ngãi,2628-QN009,15.18114,108.88672
Quảng Ngãi,2628-QN010,15.101349,108.801039
Quảng Ngãi,2628-QN011,15.388438,109.100341
Quảng Ngãi,2628-QN012,15.378135,109.14007
Quảng Ngãi,2628-QN013,15.047663,108.857399
Quảng Ngãi,2628-QN014,15.099897,108.806839
Quảng Ngãi,2628-QN017,15.206687,108.780373
Quảng Ngãi,2628-QN018,15.050419,108.779327
Quảng Ngãi,2628-QN019,14.696688,109.072297
Quảng Ngãi,2628-QN020,15.103892,108.822625
Quảng Ngãi,2628-QN021,15.122646,108.80627
Quảng Ngãi,2628-QN023,15.116348,108.762298
Quảng Ngãi,2628-QN024,15.084341,108.835976
Quảng Ngãi,2628-QN025,15.065192,108.777821
Quảng Ngãi,2628-QN026,15.119102,108.8025
Quảng Ngãi,2628-QN027,15.127603,108.805137
Quảng Ngãi,2628-QN028,15.19672506,108.7982647
Quảng Ngãi,2628-QN029,15.20314199,108.8013047
Quảng Ngãi,2628-QN030,15.21685594,108.7908759
Quảng Ngãi,2628-QN031,15.368751,108.803877
Quảng Ngãi,2628-QN032,15.369994,108.796438
Quảng Ngãi,2628-QN033,15.39065336,108.8091882
Quảng Ngãi,2628-QN034,15.156881,108.807263
Quảng Ngãi,2628-QN035,15.153156,108.807359
Quảng Ngãi,2628-QN036,15.159148,108.802502
Quảng Ngãi,2628-QN037,15.316796,108.757748
Quảng Ngãi,2628-QN038,15.3288937,108.7753599
Quảng Ngãi,2628-QN039,15.282099,108.396625
Quảng Ngãi,2628-QN040,15.327703,108.794888
Quảng Ngãi,2628-QN041,15.273383,108.880077
Quảng Ngãi,2628-QN042,15.135013,108.728249
Quảng Ngãi,2628-QN043,14.762531,108.885922
Quảng Ngãi,2628-QN044,15.129478,108.789659
Quảng Ngãi,2628-QN045,15.101529,108.81245
Quảng Ngãi,2628-QN046,15.108989,108.807637
Quảng Ngãi,2628-QN047,15.057511,108.852176
Quảng Ngãi,2628-QN049,14.712227,108.991207
Quảng Ngãi,2628-QN050,15.11917,108.77414
Quảng Ngãi,2628-QN051,15.111099,108.800021
Quảng Ngãi,2628-QN052,15.11574,108.798587
Quảng Ngãi,2628-QN053,15.119744,108.809281
Quảng Ngãi,2628-QN054,15.117713,108.805952
Quảng Ngãi,2628-QN055,15.135493,108.828094
Quảng Ngãi,2628-QN056,15.147619,108.841887
Quảng Ngãi,2628-QN057,15.215962,108.761915
Quảng Ngãi,2628-QN058,15.189394,108.75025
Quảng Ngãi,2628-QN059,15.115941,108.815945
Quảng Ngãi,2628-QN060,15.123068,108.809378
Quảng Ngãi,2628-QN061,15.375416,108.818391
Quảng Ngãi,2628-QN062,15.01447,108.55578
Quảng Ngãi,2628-QN063,14.92065,108.938369
Quảng Ngãi,2628-QN064,15.39073,109.124239
Quảng Ngãi,2628-QN065,15.387926,109.135542
Quảng Ngãi,2628-QN067,15.3141,108.8637
Quảng Ngãi,2628-QN068,14.937408,108.842838
Quảng Ngãi,2628-QN069,15.011463,108.919558
Quảng Ngãi,2628-QN070,15.105278,108.546389
Quảng Ngãi,2628-QN071,15.188742,108.89439
Quảng Ngãi,2628-QN072,15.104087,108.819041
Quảng Ngãi,2628-QN073,15.103489,108.806939
Quảng Ngãi,2628-QN074,14.679692,109.000621
Quảng Ngãi,2628-QN075,15.358238,108.737076
Quảng Ngãi,2628-QN076,14.902637,108.961713
Quảng Ngãi,2628-QN077,15.384165,109.140362
Quảng Ngãi,2628-QN078,15.011509,108.534586
Quảng Ngãi,2628-QN079,15.111419,108.854056
Quảng Ngãi,2628-QN080,15.09948,108.797522
Quảng Ngãi,2628-QN081,15.117518,108.822699
Quảng Ngãi,2628-QN082,15.108872,108.811541
Quảng Ngãi,2628-QN083,15.127513,108.800141
Quảng Ngãi,2628-QN084,15.122099,108.781827
Quảng Ngãi,2628-QN085,15.115397,108.784455
Quảng Ngãi,2628-QN086,15.115064,108.79071
Quảng Ngãi,2628-QN087,14.763551,109.010089
Quảng Ngãi,2628-QN088,14.9649,108.55496
Quảng Ngãi,2628-QN089,15.40005053,108.8034073
Quảng Ngãi,2628-QN090,15.121663,108.791858
Quảng Ngãi,2628-QN091,15.118468,108.79572
Quảng Ngãi,2628-QN092,15.122667,108.798717
Quảng Ngãi,2628-QN093,15.32946,108.61318
Quảng Ngãi,2628-QN094,15.376892,108.804099
Quảng Ngãi,2628-QN095,15.361276,108.78851
Quảng Ngãi,2628-QN096,15.123205,108.825708
Quảng Ngãi,2628-QN097,15.240656,108.939507
Quảng Ngãi,2628-QN098,15.15131,108.800875
Quảng Ngãi,2628-QN099,15.049269,108.84881
Quảng Ngãi,2628-QN100,15.261192,108.77818
Quảng Ngãi,2628-QN101,15.147619,108.841887
Quảng Ngãi,2628-QN102,14.857094,108.521023
Quảng Ngãi,2628-QN103,14.948062,108.888267
Quảng Ngãi,2628-QN104,14.945895,108.707436
Quảng Ngãi,2628-QN105,15.054371,108.751434
Quảng Ngãi,2628-QN106,15.123964,108.841299
Quảng Ngãi,2628-QN107,15.126623,108.893985
Quảng Ngãi,2628-QN108,15.106435,108.824028
Quảng Ngãi,2628-QN109,15.151251,108.614301
Quảng Ngãi,2628-QN110,15.142336,108.834095
Quảng Ngãi,2628-QN111,15.114269,108.802913
Quảng Ngãi,2628-QN112,15.101888,108.884514
Quảng Ngãi,2628-QN113,15.330163,108.6757
Quảng Ngãi,2628-QN114,14.671018,108.53385
Quảng Ngãi,2628-QN115,14.745683,108.722844
Quảng Ngãi,2628-QN116,15.193603,108.654549
Quảng Ngãi,2628-QN117,15.027506,108.875125
Quảng Ngãi,2628-QN118,15.181664,108.797004
Quảng Ngãi,2628-QN119,15.066489,108.822296
Quảng Ngãi,2628-QN120,14.72988,108.553906
Quảng Ngãi,2628-QN121,15.357793,108.71494
Quảng Ngãi,2628-QN122,14.763946,108.523904
Quảng Ngãi,2628-QN123,15.07635,108.45676
Quảng Ngãi,2628-QN124,14.98576,108.44592
Quảng Ngãi,2628-QN125,15.2729140,108.7027090
Quảng Ngãi,2628-QN126,15.1728550,108.3615320
Quảng Ngãi,2628-QN127,15.1908120,108.4085030
Quảng Ngãi,2628-QN128,15.1379150,108.3722590
Quảng Trị,2628-QT001,16.7771,107.1579
Quảng Trị,2628-QT002,16.63835,107.20911
Quảng Trị,2628-QT003,17.05382,106.865408
Quảng Trị,2628-QT004,17.039701,106.88909
Quảng Trị,2628-QT005,16.81118,107.101632
Quảng Trị,2628-QT006,17.061033,106.9638
Quảng Trị,2628-QT007,16.76343,107.2432
Quảng Trị,2628-QT008,16.799197,107.11685
Quảng Trị,2628-QT009,16.815354,107.009945
Quảng Trị,2628-QT013,16.60515,107.22992
Quảng Trị,2628-QT014,16.969475,106.934826
Quảng Trị,2628-QT015,16.808051,106.987542
Quảng Trị,2628-QT016,16.796477,107.036582
Quảng Trị,2628-QT017,16.375624,107.002191
Quảng Trị,2628-QT018,16.81462,107.066469
Quảng Trị,2628-QT019,16.82384,107.092563
Quảng Trị,2628-QT020,16.803486,107.054563
Quảng Trị,2628-QT021,16.791254,107.123212
Quảng Trị,2628-QT022,16.915681,107.183423
Quảng Trị,2628-QT023,16.698283,107.245619
Quảng Trị,2628-QT024,16.757681,107.23637
Quảng Trị,2628-QT025,16.609601,107.319227
Quảng Trị,2628-QT026,16.89272,106.52699
Quảng Trị,2628-QT027,16.618141,106.59454
Quảng Trị,2628-QT028,16.455389,106.696057
Quảng Trị,2628-QT029,16.846707,107.179337
Quảng Trị,2628-QT030,16.743011,107.134166
Quảng Trị,2628-QT031,16.887101,107.192678
Quảng Trị,2628-QT032,16.687792,107.09529
Quảng Trị,2628-QT033,16.74667,107.187599
Quảng Trị,2628-QT034,16.696926,107.169876
Quảng Trị,2628-QT035,17.10673,106.973368
Quảng Trị,2628-QT036,16.852868,107.089524
Quảng Trị,2628-QT037,16.826632,107.105631
Quảng Trị,2628-QT039,16.812639,107.10842
Quảng Trị,2628-QT040,16.790904,107.139434
Quảng Trị,2628-QT041,16.81172,107.07606
Quảng Trị,2628-QT042,16.804053,107.10994
Quảng Trị,2628-QT043,16.83926,107.185846
Quảng Trị,2628-QT044,16.804758,107.089461
Quảng Trị,2628-QT045,17.087145,107.097783
Quảng Trị,2628-QT046,16.701957,107.255734
Quảng Trị,2628-QT047,16.797628,107.1118
Quảng Trị,2628-QT048,16.818038,106.950088
Quảng Trị,2628-QT049,16.835577,107.076264
Quảng Trị,2628-QT050,16.796477,107.036582
Quảng Trị,2628-QT051,17.008778,107.112594
Quảng Trị,2628-QT052,16.631865,107.311839
Quảng Trị,2628-QT053,16.712562,107.175168
Quảng Trị,2628-QT054,16.584251,106.668891
Quảng Trị,2628-QT055,16.857908,107.105864
Quảng Trị,2628-QT056,16.663964,107.143678
Quảng Trị,2628-QT057,16.7614,107.029833
Quảng Trị,2628-QT058,16.791484,107.055216
Quảng Trị,2628-QT059,16.838232,107.099096
Quảng Trị,2628-QT060,16.825658,107.057359
Quảng Trị,2628-QT061,16.84061,106.997764
Quảng Trị,2628-QT062,16.736812,106.980584
Quảng Trị,2628-QT063,16.733154,106.955526
Quảng Trị,2628-QT064,16.780087,107.239543
Quảng Trị,2628-QT065,16.797901,107.094773
Quảng Trị,2628-QT066,16.831351,107.084471
Quảng Trị,2628-QT067,16.785407,107.193732
Quảng Trị,2628-QT068,16.74415,107.191173
Quảng Trị,2628-QT069,16.740079,107.214961
Quảng Trị,2628-QT070,16.808622,107.103552
Quảng Trị,2628-QT071,16.808416,107.095664
Quảng Trị,2628-QT072,16.813044,107.084003
Quảng Trị,2628-QT073,16.685051,107.253907
Quảng Trị,2628-QT074,16.797903,107.12122
Quảng Trị,2628-QT075,17.070475,106.996566
Quảng Trị,2628-QT076,17.007278,106.998756
Quảng Trị,2628-QT077,17.023761,107.093504
Quảng Trị,2628-QT078,16.987749,107.105638
Quảng Trị,2628-QT079,16.960716,107.098229
Quảng Trị,2628-QT080,16.887684,107.010707
Quảng Trị,2628-QT081,16.581884,106.688662
Quảng Trị,2628-QT082,16.786812,107.107562
Quảng Trị,2628-QT083,16.784496,107.102679
Quảng Trị,2628-QT084,16.6546152,106.7961400
Quảng Trị,2628-QT085,16.9273700,107.0927800
Quảng Trị,2628-QT086,16.3686851,107.0257304
Quảng Trị,2628-QT087,16.9885000,107.0344000
Quảng Nam,2628-QA194,15.662076,108.033433
Quảng Nam,2628-QA195,15.83557,107.562324
Quảng Nam,2628-QA196,15.724586,107.461285
Quảng Nam,2628-QA197,15.720779,107.508826
Quảng Nam,2628-QA198,15.383121,108.045124
Quảng Nam,2628-QA199,15.362022,108.1226
Quảng Nam,2628-QA200,15.35293,108.19616
Quảng Nam,2628-QA201,15.237836,108.036826
Quảng Nam,2628-QA202,15.24942,108.122417
Quảng Nam,2628-QA203,15.22725,108.22553
Quảng Nam,2628-QA204,15.243683,108.212091
Quảng Nam,2628-QA205,15.236549,108.195603
Quảng Nam,2628-QA206,15.28583,108.27635
Quảng Nam,2628-QA207,15.218152,108.268206
Quảng Nam,2628-QA208,15.164226,108.116326
Quảng Nam,2628-QA209,15.076987,108.09651
Quảng Nam,2628-QA210,15.319326,108.230356
Quảng Nam,2628-QA211,15.03772,108.00992
Quảng Nam,2628-QA212,15.122716,108.201582
