Name,Lat,Lon,SiteID
CSG-DNCL03,16.009583,108.174444,DNCL03
CSG-DNCL04_IXR-E,16.057010,108.175220,DNCL04
CSG-DNCL06,16.021530,108.214870,DNCL06
CSG-DNCL07_IXR-E,16.027080,108.213010,DNCL07
CSG-DNCL08_IXR-E,16.034700,108.213360,DNCL08
CSG-DNCL09_IXR-E,16.036610,108.209210,DNCL09
CSG-DNCL12_IXR-E,16.006349,108.190541,DNCL12
CSG-DNCL15_IXR-E,16.025610,108.187610,DNCL15
CSG-DNCL18_IXR-E,16.025480,108.209520,DNCL18
CSG-DNCL24,16.002060,108.212790,DNCL24
CSG-DNCL28_IXR-E,16.019930,108.198000,DNCL28
CSG-DNCL30_IXR-E,16.012060,108.201440,DNCL30
CSG-DNCL31_IXR-E,16.047470,108.176980,DNCL31
CSG-DNCL56,16.010770,108.220350,DNCL56
CSG-DNCL92,16.023908,108.208655,DNCL92
CSG-DNHC01,16.063980,108.214200,DNHC01
CSG-DNHC02_IXR-E,16.064823,108.223084,DNHC02
CSG-DNHC05,16.046090,108.210130,DNHC05
CSG-DNHC07_IXR-E,16.037160,108.220930,DNHC07
CSG-DNHC11,16.030986,108.225064,DNHC11
CSG-DNHC13_IXR-E,16.057620,108.220500,DNHC13
CSG-DNHC14,16.045520,108.219720,DNHC14
CSG-DNHC15,16.049000,108.217111,DNHC15
CSG-DNHC16_IXR-E,16.071180,108.221240,DNHC16
CSG-DNHC17_IXR-E,16.077450,108.215610,DNHC17
CSG-DNHC20_IXR-E,16.074600,108.209790,DNHC20
CSG-DNHC23_IXR-E,16.061940,108.221530,DNHC23
CSG-DNHC24,16.079285,108.221358,DNHC24
CSG-DNHC28_IXR-E,16.076546,108.219900,DNHC28
CSG-DNHC29_IXR-E,16.050610,108.214180,DNHC29
CSG-DNHC30,16.041500,108.212280,DNHC30
CSG-DNHC34,16.053410,108.206081,DNHC34
CSG-DNHC36,16.031280,108.230470,DNHC36
CSG-DNHC38,16.080440,108.215730,DNHC38
CSG-DNHC40_IXR-E,16.074370,108.217420,DNHC40
CSG-DNHC46,16.039222,108.217583,DNHC46
CSG-DNHC47,16.043575,108.208936,DNHC47
CSG-DNHC48,16.028820,108.220790,DNHC48
CSG-DNHC49_IXR-E,16.034790,108.217480,DNHC49
CSG-DNHC50,16.075659,108.222119,DNHC50
CSG-DNHC54,16.048130,108.208380,DNHC54
CSG-DNHC55,16.053490,108.221420,DNHC55
CSG-DNHC57,16.034560,108.223400,DNHC57
CSG-DNHC60,16.081830,108.220220,DNHC60
CSG-DNHC61,16.041530,108.219080,DNHC61
CSG-DNHC64_IXR-E,16.054800,108.216260,DNHC64
CSG-DNHC75,16.082040,108.213350,DNHC75
CSG-DNHC77,16.065610,108.216550,DNHC77
CSG-DNHV01_IXR-E,15.999806,108.145667,DNHV01
CSG-DNHV02,15.947500,108.219111,DNHV02
CSG-DNHV04,15.970370,108.180990,DNHV04
CSG-DNHV08,15.947870,108.141100,DNHV08
CSG-DNHV10_IXR-E,16.028580,108.112230,DNHV10
CSG-DNHV12,15.980370,108.207710,DNHV12
CSG-DNHV13,15.968750,108.138690,DNHV13
CSG-DNHV16,15.973510,108.102790,DNHV16
CSG-DNHV20,15.977820,108.173370,DNHV20
CSG-DNHV22,15.985230,108.189060,DNHV22
CSG-DNHV26,15.960972,108.208056,DNHV26
CSG-DNHV29,15.946556,108.179833,DNHV29
CSG-DNHV30,15.957389,108.164694,DNHV30
CSG-DNHV34_IXR-E,15.999190,108.126070,DNHV34
CSG-DNHV36,15.991778,108.207528,DNHV36
CSG-DNHV41,15.982170,108.158990,DNHV41
CSG-DNHV44,15.963250,108.121640,DNHV44
CSG-DNHV52,15.975690,108.199600,DNHV52
CSG-DNHW02_IXR-E,16.101680,108.098950,DNHW02
CSG-DNHW03_IXR-E,16.061290,108.100010,DNHW03
CSG-DNHW04,15.986917,108.074056,DNHW04
CSG-DNHW05,16.052361,108.079556,DNHW05
CSG-DNHW06_IXR-E,16.084760,108.097250,DNHW06
CSG-DNHW13,16.023470,108.067660,DNHW13
CSG-DNHW22_IXR-E,16.069930,108.108420,DNHW22
CSG-DNHW23_IXR-E,16.111110,108.087810,DNHW23
CSG-DNLC02_IXR-E,16.062940,108.160490,DNLC02
CSG-DNLC04_IXR-E,16.076470,108.127625,DNLC04
CSG-DNLC06_IXR-E,16.050410,108.153250,DNLC06
CSG-DNLC07_IXR-E,16.090070,108.142540,DNLC07
CSG-DNLC11_IXR-E,16.120940,108.116960,DNLC11
CSG-DNLC13_IXR-E,16.100140,108.133620,DNLC13
CSG-DNLC15-new,16.084137,108.156790,DNLC15
CSG-DNLC16_IXR-E,16.073040,108.151310,DNLC16
CSG-DNLC18_IXR-E,16.063920,108.153020,DNLC18
CSG-DNLC19,16.070610,108.154870,DNLC19
CSG-DNLC1A_IXR-E,16.062934,108.169783,DNLC1A
CSG-DNLC1P_IXR-E,16.081936,108.146558,DNLC1P
CSG-DNLC21_IXR-E,16.054350,108.158130,DNLC21
CSG-DNLC22,16.109353,108.129976,DNLC22
CSG-DNLC22_IXR-E,16.109353,108.129976,DNLC22
CSG-DNLC23_IXR-E,16.058160,108.163340,DNLC23
CSG-DNLC25,16.079360,108.157810,DNLC25
CSG-DNLC30_IXR-E,16.057405,108.169110,DNLC30
CSG-DNLC32_IXR-E,16.067800,108.147360,DNLC32
CSG-DNLC36_IXR-E,16.074820,108.133890,DNLC36
CSG-DNLC40,16.073060,108.166010,DNLC40
CSG-DNLC99,16.074329,108.170791,DNLC99
CSG-DNNH02,16.002810,108.259060,DNNH02
CSG-DNNH06,16.025110,108.249570,DNNH06
CSG-DNNH11_IXR-E,16.042480,108.244770,DNNH11
CSG-DNNH12,15.985639,108.239806,DNNH12
CSG-DNNH13,16.049000,108.238444,DNNH13
CSG-DNNH15,15.981583,108.274639,DNNH15
CSG-DNNH17,16.027660,108.244990,DNNH17
CSG-DNNH18,15.995680,108.238960,DNNH18
CSG-DNNH19,16.052750,108.240333,DNNH19
CSG-DNNH21,16.047511,108.236615,DNNH21
CSG-DNNH23,15.988910,108.269520,DNNH23
CSG-DNNH24,15.982150,108.269550,DNNH24
CSG-DNNH25,15.982207,108.250315,DNNH25
CSG-DNNH26_IXR-E,16.015510,108.255930,DNNH26
CSG-DNNH27,16.040304,108.238070,DNNH27
CSG-DNNH30,15.996700,108.262810,DNNH30
CSG-DNNH33,16.025870,108.239640,DNNH33
CSG-DNNH38,16.012450,108.254700,DNNH38
CSG-DNNH58_IXR-E,16.018290,108.253560,DNNH58
CSG-DNNH59_IXR-E,16.042420,108.246710,DNNH59
CSG-DNNH94,16.052179,108.244469,DNNH94
CSG-DNST01_IXR-E,16.080406,108.235926,DNST01
CSG-DNST02_IXR-E,16.057550,108.236190,DNST02
CSG-DNST04_IXR-E,16.099085,108.246097,DNST04
CSG-DNST06_IXR-E,16.069646,108.233555,DNST06
CSG-DNST10,16.071780,108.240050,DNST73
CSG-DNST12,16.082181,108.230120,DNST12
CSG-DNST15,16.079390,108.243480,DNST15
CSG-DNST16,16.087900,108.239860,DNST16
CSG-DNST17_IXR-E,16.104430,108.261300,DNST17
CSG-DNST18,16.094028,108.251083,DNST18
CSG-DNST19_IXR-E,16.094810,108.233170,DNST19
CSG-DNST20,16.085290,108.234050,DNST20
CSG-DNST25,16.061040,108.244280,DNST25
CSG-DNST26_IXR-E,16.121195,108.218796,DNST26
CSG-DNST28_IXR-E,16.057680,108.240850,DNST28
CSG-DNST31,16.092380,108.236410,DNST31
CSG-DNST32_IXR-E,16.099601,108.231657,DNST32
CSG-DNST34_IXR-E,16.056250,108.234690,DNST34
CSG-DNST37_IXR-E,16.076731,108.233411,DNST37
CSG-DNST39,16.081640,108.234000,DNST39
CSG-DNST40,16.083600,108.239700,DNST40
CSG-DNST41,16.076090,108.240290,DNST41
CSG-DNST42,16.085660,108.230130,DNST42
CSG-DNST43,16.085790,108.244960,DNST43
CSG-DNST47,16.067560,108.240140,DNST47
CSG-DNST50,16.093069,108.227495,DNST50
CSG-DNST71_IXR-E,16.097820,108.249950,DNST71
CSG-DNST73,16.071780,108.240050,DNST73
CSG-DNST87,16.067570,108.241730,DNST87
CSG-DNTK01_IXR-E,16.058680,108.206900,DNTK01
CSG-DNTK02_IXR-E,16.036830,108.189050,DNTK02
CSG-DNTK04_IXR-E,16.056210,108.212590,DNTK04
CSG-DNTK05,16.070570,108.205320,DNTK05
CSG-DNTK08_IXR-E,16.053417,108.182278,DNTK08
CSG-DNTK10_IXR-E,16.071290,108.187940,DNTK10
CSG-DNTK12,16.070020,108.211810,DNTK12
CSG-DNTK13_IXR-E,16.071265,108.200369,DNTK13
CSG-DNTK14_IXR-E,16.065310,108.201050,DNTK14
CSG-DNTK16_IXR-E,16.046850,108.184720,DNTK16
CSG-DNTK17,16.068210,108.213020,DNTK17
CSG-DNTK18,16.062934,108.169783,DNLC1A
CSG-DNTK22,16.074329,108.170791,DNLC99
CSG-DNTK23,16.068430,108.199520,DNTK23
CSG-DNTK26_IXR-E,16.050430,108.184140,DNTK26
CSG-DNTK27_IXR-E,16.057000,108.210139,DNTK27
CSG-DNTK31,16.072980,108.177730,DNTK31
CSG-DNTK34_IXR-E,16.055560,108.186760,DNTK34
CSG-DNTK36_IXR-E,16.064040,108.182880,DNTK36
CSG-DNTK41,16.067300,108.204250,DNTK41
CSG-DNTK45,16.064470,108.206820,DNTK45
CSG-DNTK46,16.061040,108.213670,DNTK46
CSG-QTCL02,16.745250,106.964100,QTCL02
CSG-QTCL03,16.787400,106.915480,QTCL03
CSG-QTCL06,16.749630,106.926990,QTCL06
CSG-QTCL08,16.826540,107.003010,QTCL08
CSG-QTCL09,16.793320,106.968280,QTCL09
CSG-QTCL12,16.842580,107.081900,QTCL12
CSG-QTCL13,16.804210,107.043570,QTCL13
CSG-QTCL18,16.825240,106.980370,QTCL18
CSG-QTCL34,16.809700,107.001790,QTCL34
CSG-QTDH04,16.797610,107.083631,QTDH04
CSG-QTDH05,16.811540,107.096870,QTDH05
CSG-QTDH07,16.817106,107.087282,QTDH07
CSG-QTDH08,16.806220,107.104140,QTDH08
CSG-QTDH09,16.819880,107.090958,QTDH09
CSG-QTDH10,16.816590,107.077340,QTDH10
CSG-QTDH12,16.820480,107.104700,QTDH12
CSG-QTDH14,16.799070,107.129450,QTDH14
CSG-QTDH17,16.814840,107.103380,QTDH17
CSG-QTDH19,16.813592,107.088038,QTDH19
CSG-QTDH21,16.811034,107.111175,QTDH21
CSG-QTDH22,16.815250,107.095810,QTDH22
CSG-QTDH27,16.807270,107.098890,QTDH27
CSG-QTDH29,16.823340,107.105480,QTDH29
CSG-QTDH30,16.809970,107.106220,QTDH30
CSG-QTDH31,16.828740,107.096270,QTDH31
CSG-QTDH32,16.804180,107.114170,QTDH32
CSG-QTDH34,16.783030,107.110450,QTDH34
CSG-QTDH35,16.800330,107.108530,QTDH35
CSG-QTDH36,16.818900,107.098150,QTDH36
CSG-QTDH50,16.791779,107.090522,QTDH50
CSG-QTGL01,16.942000,107.073080,QTGL01
CSG-QTGL03,16.916240,107.174230,QTGL03
CSG-QTGL04,16.895020,106.991860,QTGL04
CSG-QTGL05,16.887820,107.080680,QTGL05
CSG-QTGL07,16.874790,107.133790,QTGL07
CSG-QTGL08,16.922660,107.003920,QTGL08
CSG-QTGL10,16.926440,107.050210,QTGL10
CSG-QTGL12,16.977850,107.099660,QTGL12
CSG-QTGL13,16.909690,107.124240,QTGL13
CSG-QTGL15,16.966740,107.138040,QTGL15
CSG-QTGL25,16.892000,107.159290,QTGL25
CSG-QTGL44,16.966400,107.069180,QTGL44
CSG-QTHL03,16.708940,107.262230,QTHL03
CSG-QTHL05,16.733640,107.205560,QTHL05
CSG-QTHL06,16.664350,107.279570,QTHL06
CSG-QTHL10,16.726020,107.336580,QTHL10
CSG-QTHL12,16.740900,107.193520,QTHL12
CSG-QTHL14,16.704950,107.221440,QTHL14
CSG-QTHL17,16.742600,107.278400,QTHL17
CSG-QTHL19,16.753450,107.215600,QTHL19
CSG-QTHL20,16.798763,107.304650,QTHL20
CSG-QTHL22,16.776980,107.329860,QTHL22
CSG-QTHL24,16.721330,107.194330,QTHL24
CSG-QTHL25,16.688120,107.268910,QTHL25
CSG-QTHL28,16.698820,107.265660,QTHL28
CSG-QTQT03,16.747440,107.178370,QTQT03
CSG-QTQT05,16.742840,107.185300,QTQT05
CSG-QTQT06,16.756179,107.195775,QTQT06
CSG-QTQT09,16.735640,107.187190,QTQT09
CSG-QTQT09_02,16.735640,107.187190,QTQT09
CSG-QTTP02,16.810000,107.181610,QTTP02
CSG-QTTP05,16.770260,107.250030,QTTP05
CSG-QTTP08,16.881890,107.206500,QTTP08
CSG-QTTP10,16.787500,107.180530,QTTP10
CSG-QTTP15,16.847890,107.196010,QTTP15
CSG-QTTP17,16.829370,107.167920,QTTP17
CSG-QTTP19,16.828030,107.214890,QTTP19
CSG-QTTP21,16.772000,107.189180,QTTP21
CSG-QTTP24,16.863220,107.223620,QTTP24
CSG-QTTP27,16.828220,107.268460,QTTP27
CSG-QTTP47,16.819540,107.171560,QTTP47
CSG-QTTP48,16.794060,107.244800,QTTP48
CSG-QTVL01,17.077910,106.995580,QTVL01
CSG-QTVL48,17.043660,107.026070,QTVL48
CSG-VNPOST-Luong-An,16.815790,107.110820,QTIDHA1
CSG-HUHA01,16.525200,107.475880,HUHA01
CSG-HUHA01_2,16.525200,107.475880,HUHA01
CSG-HUHA04,16.501380,107.472430,HUHA04
CSG-HUHA08,16.504090,107.514330,HUHA08
CSG-HUHA09,16.486230,107.498470,HUHA09
CSG-HUHA21,16.499530,107.444530,HUHA21
CSG-HUHA35,16.488940,107.520130,HUHA35
CSG-HUHT04,16.418650,107.695900,HUHT04
CSG-HUHT12,16.442640,107.623550,HUHT12
CSG-HUHT15,16.423810,107.651400,HUHT15
CSG-HUHT17,16.404660,107.711980,HUHT17
CSG-HUHT19,16.445680,107.649680,HUHT19
CSG-HUHT24,16.386830,107.686806,HUHT24
CSG-HUHT27,16.411260,107.640410,HUHT27
CSG-HUHT32,16.439640,107.614000,HUHT32
CSG-HUHT35,16.374070,107.714500,HUHT35
CSG-HUHTMA01,16.411680,107.673330,HUHT01
CSG-HUHTMA01_2,16.411680,107.673330,HUHT01
CSG-HUHUMA01,16.481683,107.555912,HUHUMA01
CSG-HUHUMA01_2,16.481683,107.555912,HUHUMA01
CSG-HUPD06,16.548690,107.414880,HUPD06
CSG-HUPD19,16.596580,107.350560,HUPD19
CSG-HUPD22,16.553690,107.442430,HUPD22
CSG-HUPD49,16.652110,107.399660,HUPD49
CSG-HUPD53,16.662160,107.346570,HUPD53
CSG-HUPL02,16.314090,108.015150,HUPL02
CSG-HUPL03,16.272300,107.961690,HUPL03
CSG-HUPL06,16.355350,107.883850,HUPL06
CSG-HUPL10,16.317850,107.777900,HUPL10
CSG-HUPL14,16.312830,107.982180,HUPL14
CSG-HUPL18,16.296520,107.810270,HUPL18
CSG-HUPL23,16.387970,107.858080,HUPL23
CSG-HUPL25,16.290910,108.015140,HUPL25
CSG-HUPL35,16.361720,107.731300,HUPL35
CSG-HUPL40,16.321700,107.740100,HUPL40
CSG-HUPL41,16.360980,107.866090,HUPL41
CSG-HUPLMA01,16.3395144,107.7437559,HUPLMA01
CSG-HUPLMA02,16.269802,107.8984,HUPLMA02
CSG-HUPV05,16.544510,107.674910,HUPV05
CSG-HUPV08,16.495160,107.629160,HUPV08
CSG-HUPV09,16.481180,107.684460,HUPV09
CSG-HUPV10,16.445470,107.746540,HUPV10
CSG-HUPV14,16.408720,107.836150,HUPV14
CSG-HUPV27,16.457070,107.680020,HUPV27
CSG-HUPV33,16.391500,107.771630,HUPV33
CSG-HUPV48,16.441950,107.779470,HUPV48
CSG-HUPX03,16.485710,107.547900,HUPX03
CSG-HUPX05,16.484970,107.569010,HUPX05
CSG-HUPX06,16.480230,107.559280,HUPX06
CSG-HUPX07,16.483020,107.586600,HUPX07
CSG-HUPX10,16.486470,107.578740,HUPX10
CSG-HUPX14,16.473230,107.583320,HUPX14
CSG-HUPX17,16.471510,107.555870,HUPX17
CSG-HUPX18,16.491722,107.534770,HUPX18
CSG-HUPX19,16.488139,107.559139,HUPX19
CSG-HUPX21,16.475170,107.561900,HUPX21
CSG-HUPX22,16.473770,107.588110,HUPX22
CSG-HUPX23,16.491191,107.588892,HUPX23
CSG-HUPX24,16.490460,107.571880,HUPX24
CSG-HUPX25,16.460850,107.556590,HUPX25
CSG-HUPX28,16.465250,107.569010,HUPX28
CSG-HUPX35,16.475679,107.579793,HUPX35
CSG-HUPX67,16.523750,107.570960,HUPX67
CSG-HUPX72,16.375989,107.564828,HUPX72
CSG-HUPX73,16.451560,107.530400,HUPX73
CSG-HUQD05,16.628390,107.432660,HUQD05
CSG-HUQD06,16.627340,107.517940,HUQD06
CSG-HUQD08,16.557250,107.486460,HUQD08
CSG-HUQD10,16.559010,107.529240,HUQD10
CSG-HUQD14,16.587300,107.512500,HUQD14
CSG-HUQD25,16.620950,107.447890,HUQD25
CSG-HUTH01,16.462433,107.594410,HUTH01
CSG-HUTH01_2,16.411680,107.673330,HUHT01
CSG-HUTH03,16.447813,107.557794,HUTH03
CSG-HUTH05,16.449690,107.607140,HUTH05
CSG-HUTH11,16.460556,107.588222,HUTH11
CSG-HUTH13,16.418030,107.592190,HUTH13
CSG-HUTH14,16.441389,107.588556,HUTH14
CSG-HUTH18,16.446690,107.595630,HUTH18
CSG-HUTH19,16.443067,107.581723,HUTH19
CSG-HUTH1A,16.595920,107.575780,HUTH1A
CSG-HUTH1E,16.546950,107.637970,HUTH1E
CSG-HUTH1E_2,16.546950,107.637970,HUTH1E
CSG-HUTH1F,16.510950,107.603840,HUTH1F
CSG-HUTH1J,16.537600,107.599980,HUTH1J
CSG-HUTH1M,16.484000,107.598320,HUTH1M
CSG-HUTH20,16.452210,107.589580,HUTH20
CSG-HUTH24,16.435611,107.565278,HUTH24
CSG-HUTH27,16.457110,107.585419,HUTH27
CSG-HUTH29,16.444861,107.566333,HUTH29
CSG-HUTH2A,16.456200,107.620000,HUTH2A
CSG-HUTH2B,16.420660,107.580530,HUTH2B
CSG-HUTH2D,16.476389,107.606250,HUTH2D
CSG-HUTH2E,16.393120,107.609340,HUTH2E
CSG-HUTH2N,16.492460,107.604720,HUTH2N
CSG-HUTH2P,16.562830,107.642170,HUTH2P
CSG-HUTH30,16.476861,107.597694,HUTH30
CSG-HUTH32,16.455430,107.571020,HUTH32
CSG-HUTH33,16.454313,107.605146,HUTH33
CSG-HUTH35,16.443590,107.540180,HUTH35
CSG-HUTH38,16.462180,107.600860,HUTH38
CSG-HUTH40,16.454350,107.592010,HUTH40
CSG-HUTH44,16.438480,107.599220,HUTH44
CSG-HUTH46,16.453820,107.577070,HUTH46
CSG-HUTH48,16.457920,107.596610,HUTH48
CSG-HUTH49,16.470320,107.599890,HUTH49
CSG-HUTH51,16.447420,107.583850,HUTH51
CSG-HUTH53,16.459830,107.605440,HUTH53
CSG-HUTH54,16.458578,107.591639,HUTH54
CSG-HUTH60,16.469320,107.593740,HUTH60
CSG-HUTH89,16.465220,107.595210,HUTH89
CSG-HUTH98,16.544520,107.570520,HUTH98
CSG-QADB02,15.955090,108.254900,QADB02
CSG-QADB03,15.930250,108.302690,QADB03
CSG-QADB04 5G,15.889720,108.181240,QADB04
CSG-QADB04_1,15.889720,108.181240,QADB04
CSG-QADB04_2,15.889720,108.181240,QADB04
CSG-QADB06,15.891080,108.290440,QADB06
CSG-QADB07,15.884730,108.226890,QADB07
CSG-QADB07 5G,15.884730,108.226890,QADB07
CSG-QADB08,15.909590,108.238220,QADB08
CSG-QADB08-ACX7024,15.909590,108.238220,QADB08
CSG-QADB11,15.927360,108.260090,QADB11
CSG-QADB12,15.905440,108.272450,QADB12
CSG-QADB15,15.879360,108.256130,QADB15
CSG-QADB16,15.934430,108.231810,QADB16
CSG-QADB22,15.911620,108.185530,QADB22
CSG-QADB22-ACX7024,15.911620,108.185530,QADB22
CSG-QADB36,15.958813,108.238145,QADB36
CSG-QADB38,15.942619,108.301596,QADB38
CSG-QADB41,15.900660,108.287800,QADB41
CSG-QADB45,15.914800,108.269100,QADB45
CSG-QADB46,15.893610,108.243810,QADB46
CSG-QADB51,15.915910,108.310860,QADB51
CSG-QADB52,15.906050,108.159200,QADB52
CSG-QADB53,15.965750,108.253730,QADB53
CSG-QADB54,15.853330,108.196310,QADB54
CSG-QADB60,15.918130,108.294280,QADB60
CSG-QADB73,15.938960,108.207890,QADB73
CSG-QADB73-ACX7024,15.938960,108.207890,QADB73
CSG-QADL02,15.852170,108.060940,QADL02
CSG-QADL05,15.855610,107.997900,QADL05
CSG-QADL09,15.920420,108.132600,QADL09
CSG-QADL11,15.879410,108.078230,QADL11
CSG-QADL14,15.878900,108.104800,QADL14
CSG-QADL15,15.846380,108.086840,QADL15
CSG-QADL19,15.905870,108.121760,QADL19
CSG-QADL31,15.877340,108.092500,QADL31
CSG-QADL34,15.848800,107.946280,QADL34
CSG-QADLMA01,15.880950,108.118990,QADLMA01
CSG-QADX03,15.838240,108.143890,QADX03
CSG-QADX04_2,15.829220,108.219150,QADX04
CSG-QADX05,15.841990,108.393220,QADX05
CSG-QADX12,15.853080,108.275520,QADX12
CSG-QADX13,15.842960,108.306360,QADX13
CSG-QADX19,15.827070,108.121140,QADX19
CSG-QADX20,15.833050,108.272840,QADX20
CSG-QADX34,15.823210,108.200200,QADX34
CSG-QADX35,15.830460,108.376880,QADX35
CSG-QADX36,15.856540,108.338870,QADX36
CSG-QADX39,15.819840,108.249740,QADX39
CSG-QAHA02,15.902451,108.354629,QAHA02
CSG-QAHA02_2,15.902451,108.354629,QAHA02
CSG-QAHA03,15.872250,108.338530,QAHA03
CSG-QAHA04,15.881272,108.343099,QAHA04
CSG-QAHA05,15.881420,108.321430,QAHA05
CSG-QAHA06,15.892140,108.321040,QAHA06
CSG-QAHA08,15.887780,108.379680,QAHA08
CSG-QAHA10,15.866546,108.321260,QAHA10
CSG-QAHA16,15.882231,108.386679,QAHA16
CSG-QAHA18,15.870776,108.366877,QAHA18
CSG-QAHA20,15.902780,108.326380,QAHA20
CSG-QAHA25,15.892940,108.328800,QAHA25
CSG-QAHA27,15.881811,108.327432,QAHA27
CSG-QAHA32,15.901980,108.310810,QAHA32
CSG-QANT01,15.414173,108.675761,QANT01
CSG-QANT01_2,15.414173,108.675761,QANT01
CSG-QANT03,15.461073,108.603811,QANT03
CSG-QANT03_2,15.461073,108.603811,QANT03
CSG-QANT04,15.584220,108.553110,QANT04
CSG-QANT06,15.515840,108.559520,QANT06
CSG-QANT14,15.447900,108.683000,QANT14
CSG-QANT17,15.536840,108.535890,QANT17
CSG-QANT38,15.435340,108.652530,QANT38
CSG-QANT39,15.435670,108.639410,QANT39
CSG-QANT46,15.500300,108.571490,QANT46
CSG-QANT47,15.377870,108.714410,QANT47
CSG-QANT49,15.546110,108.525020,QANT49
CSG-QANT74,15.443100,108.629500,QANT74
CSG-QAPN04,15.533800,108.434200,QAPN04
CSG-QAPN06,15.564670,108.371490,QAPN06
CSG-QAPN07,15.584840,108.416430,QAPN07
CSG-QAPN09,15.589440,108.446670,QAPN09
CSG-QAPN21,15.546000,108.410900,QAPN21
CSG-QAPN22,15.562530,108.424930,QAPN22
CSG-QAPN26,15.621960,108.439640,QAPN26
CSG-QAQS03,15.711130,108.267220,QAQS03
CSG-QAQS05,15.788380,108.321330,QAQS05
CSG-QAQS06_2,15.822960,108.292380,QAQS06
CSG-QAQS10,15.739360,108.291340,QAQS10
CSG-QAQS19,15.769230,108.329670,QAQS19
CSG-QAQS22,15.668890,108.211850,QAQS22
CSG-QAQS25,15.806229,108.317636,QAQS25
CSG-QATB02,15.677530,108.406330,QATB02
CSG-QATB03,15.777360,108.422290,QATB03
CSG-QATB04,15.657190,108.275920,QATB04
CSG-QATB06,15.665070,108.353540,QATB06
CSG-QATB07,15.703850,108.326700,QATB07
CSG-QATB10,15.733940,108.348460,QATB10
CSG-QATB11,15.764500,108.340950,QATB11
CSG-QATB14,15.718400,108.378980,QATB14
CSG-QATB15,15.646050,108.459490,QATB15
CSG-QATB18,15.757100,108.352660,QATB18
CSG-QATB19,15.734770,108.409550,QATB19
CSG-QATB20,15.638320,108.250540,QATB20
CSG-QATB23,15.683700,108.345310,QATB23
CSG-QATB24,15.670050,108.375870,QATB24
CSG-QATB25,15.737339,108.384411,QATB25
CSG-QATB26,15.698280,108.396860,QATB26
CSG-QATB27,15.675510,108.438940,QATB27
CSG-QATB29,15.717200,108.341630,QATB29
CSG-QATB31,15.651200,108.420460,QATB31
CSG-QATB32,15.718000,108.464060,QATB32
CSG-QATB34,15.633840,108.396180,QATB34
CSG-QATB35,15.655460,108.503420,QATB35
CSG-QATB37,15.815990,108.333860,QATB37
CSG-QATB42,15.628910,108.228260,QATB42
CSG-QATB43,15.743920,108.354200,QATB43
CSG-QATB45,15.689620,108.398710,QATB45
CSG-QATB46,15.754620,108.418320,QATB46
CSG-QATB47,15.650220,108.392570,QATB47
CSG-QATB48,15.782690,108.398790,QATB48
CSG-QATB49,15.704230,108.382930,QATB49
CSG-QATB54,15.721370,108.450310,QATB54
CSG-QATK02,15.552610,108.509010,QATK02
CSG-QATK03,15.556940,108.487270,QATK03
CSG-QATK05,15.564170,108.473150,QATK05
CSG-QATK07,15.560740,108.500450,QATK07
CSG-QATK09,15.577030,108.509750,QATK09
CSG-QATK14,15.591110,108.478630,QATK14
CSG-QATK15,15.571760,108.466190,QATK15
CSG-QATK18,15.572510,108.483330,QATK18
CSG-QATK22,15.559300,108.451500,QATK22
CSG-QATK23,15.561990,108.490740,QATK23
CSG-QATK24,15.566840,108.479230,QATK24
CSG-QATK34,15.556093,108.478029,QATK34
CSG-QATK37,15.580350,108.465610,QATK37
CSG-QATK41,15.547920,108.494300,QATK41
CSG-QATK42,15.561270,108.511910,QATK42
CSG-QATK43,15.587150,108.471650,QATK43
CSG-QATK44,15.584890,108.526510,QATK44
CSG-QATK47,15.580200,108.478950,QATK47
CSG-QATKMA01,15.564947,108.493529,QATK39
CSG-QATKMA01_2,15.564947,108.493529,QATK39
CSG-QATKPO_2,15.579387,108.473777,QATK71
CSG-QATKPO_3,15.579387,108.473777,QATK71
CSG-BDAN02,13.925100,109.088390,BDAN02
CSG-BDAN06,13.934847,109.144213,BDAN06
CSG-BDAN07,13.909714,109.018394,BDAN07
CSG-BDAN11,13.856120,109.059810,BDAN11
CSG-BDAN16,13.911530,109.092420,BDAN16
CSG-BDAN18,13.897400,109.108110,BDAN18
CSG-BDAN25,13.894150,109.088470,BDAN25
CSG-BDAN26,13.943910,109.064990,BDAN26
CSG-BDAN27,13.869480,109.127840,BDAN27
CSG-BDAN28,13.882650,109.109480,BDAN28
CSG-BDANMA01,13.869726,109.127244,BDANMA01
CSG-BDHA02,14.420880,108.942310,BDHA02
CSG-BDHA15,14.378860,108.968230,BDHA15
CSG-BDHN05,14.467630,109.097680,BDHN05
CSG-BDHN06,14.447480,109.019180,BDHN06
CSG-BDHN07,14.591010,109.035450,BDHN07
CSG-BDHN08,14.495780,109.033940,BDHN08
CSG-BDHN12,14.521050,109.075830,BDHN12
CSG-BDHN13,14.544140,109.003810,BDHN13
CSG-BDHN15,14.556500,109.045160,BDHN15
CSG-BDHN33_2,14.428240,109.010240,BDHN33
CSG-BDHN33_3,14.428240,109.010240,BDHN33
CSG-BDHN36,14.542290,109.064120,BDHN36
CSG-BDHN42,14.559380,109.055630,BDHN42
CSG-BDHN48,14.549070,109.038320,BDHN48
CSG-BDPC_newsite4,14.130500,109.164720,BDPCMA01
CSG-BDPC01,14.047450,109.048650,BDPC01
CSG-BDPC03,13.988280,109.059010,BDPC03
CSG-BDPC03_2,13.988280,109.059010,BDPC03
CSG-BDPC06,14.012400,109.241000,BDPC06
CSG-BDPC08,13.981400,109.093900,BDPC08
CSG-BDPC09,14.082800,109.074330,BDPC09
CSG-BDPC13,14.041940,109.014850,BDPC13
CSG-BDPC14,13.963173,109.182320,BDPC14
CSG-BDPC21,14.020900,108.988060,BDPC21
CSG-BDPC23,13.920760,109.210330,BDPC23
CSG-BDPC33,13.967640,109.116520,BDPC33
CSG-BDPM01,14.201880,109.061190,BDPM01
CSG-BDPM03,14.159230,109.124310,BDPM03
CSG-BDPM04,14.119790,109.045750,BDPM04
CSG-BDPM06,14.216610,109.164980,BDPM06
CSG-BDPM10,14.316230,109.065560,BDPM10
CSG-BDPM17,14.241150,109.073730,BDPM17
CSG-BDPM19,14.335840,109.121980,BDPM19
CSG-BDPM24,14.292650,109.090600,BDPM24
CSG-BDPM25,14.280320,109.181600,BDPM25
CSG-BDPM27,14.176960,109.045330,BDPM27
CSG-BDPM34,14.323760,109.146980,BDPM34
CSG-BDQN_newsite1,13.744281,109.209951,BDQNMS01
CSG-BDQN03,13.737280,109.153270,BDQN03
CSG-BDQN05,13.772530,109.239890,BDQN05
CSG-BDQN16,13.789480,109.196010,BDQN16
CSG-BDQN1U,13.761364,109.219107,BDQN1U
CSG-BDQN20,13.770780,109.249610,BDQN20
CSG-BDQN21,13.790130,109.218040,BDQN21
CSG-BDQN23,13.760712,109.215399,BDQN23
CSG-BDQN31,13.751902,109.210256,BDQN31
CSG-BDQN32,13.781910,109.231810,BDQN32
CSG-BDQN33,13.762723,109.209894,BDQN33
CSG-BDQN35,13.770360,109.215680,BDQN35
CSG-BDQN37,13.784010,109.214080,BDQN37
CSG-BDQN39,13.781530,109.228000,BDQN39
CSG-BDQN40,13.784151,109.180137,BDQN40
CSG-BDQN45,13.720978,109.161419,BDQN45
CSG-BDQN50,13.763490,109.217560,BDQN50
CSG-BDQN51,13.776201,109.235476,BDQN51
CSG-BDQN52,13.772566,109.244761,BDQN52
CSG-BDQN54,13.796560,109.172500,BDQN54
CSG-BDQN56,13.779690,109.149400,BDQN56
CSG-BDQN58,13.794076,109.154071,BDQN58
CSG-BDQN61,13.767403,109.212130,BDQN61
CSG-BDQN62,13.777100,109.225400,BDQN62
CSG-BDQN63,13.748088,109.152633,BDQN63
CSG-BDQN65,13.787440,109.140250,BDQN65
CSG-BDQN73,13.851910,109.254910,BDQN73
CSG-BDQN75,13.784565,109.219607,BDQN75
CSG-BDQN77,13.746398,109.209222,BDQN77
CSG-BDQN80,13.769490,109.191460,BDQN80
CSG-BDQN90,13.767781,109.223002,BDQN90
CSG-BDQN91,13.779270,109.235810,BDQN91
CSG-BDQN98,13.770570,109.231670,BDQN98
CSG-BDQNMA01,13.784365,109.214922,BDQNMA01
CSG-BDTP_newsite3,13.807947,109.146990,BDTPMA01
CSG-BDTP02,13.819584,109.174725,BDTP02
CSG-BDTP04,13.865490,109.187610,BDTP04
CSG-BDTP05,13.855824,109.133180,BDTP05
CSG-BDTP09,13.812500,109.115330,BDTP09
CSG-BDTP10,13.840430,109.192650,BDTP10
CSG-BDTP13,13.823590,109.146870,BDTP13
CSG-BDTP17,13.826640,109.165550,BDTP17
CSG-BDTP20,13.831630,109.157850,BDTP20
CSG-BDTP29,13.840050,109.141010,BDTP29
CSG-BDTP39,13.886780,109.140180,BDTP39
CSG-QNBS03,15.338387,108.853323,QNBS03
CSG-QNBS05,15.215572,108.916406,QNBS05
CSG-QNBS07,15.322590,108.768140,QNBS07
CSG-QNBS08,15.250560,108.783110,QNBS08
CSG-QNBS09,15.262502,108.676315,QNBS09
CSG-QNBS10,15.258455,108.874644,QNBS10
CSG-QNBS11,15.372404,108.780464,QNBS11
CSG-QNBS15,15.284480,108.740490,QNBS15
CSG-QNBS16,15.291590,108.796270,QNBS16
CSG-QNBS17,15.311298,108.735529,QNBS17
CSG-QNBS18,15.354560,108.810100,QNBS18
CSG-QNBS1F,15.382910,108.812280,QNBS1F
CSG-QNBS21,15.229375,108.846105,QNBS21
CSG-QNBS22,15.268920,108.812770,QNBS22
CSG-QNBS23,15.304760,108.755880,QNBS23
CSG-QNBS25,15.274461,108.770897,QNBS25
CSG-QNBS26,15.301520,108.822930,QNBS26
CSG-QNBS28,15.265640,108.710510,QNBS28
CSG-QNBS29,15.274770,108.788380,QNBS29
CSG-QNBS33,15.330003,108.737686,QNBS33
CSG-QNBS34,15.342150,108.825900,QNBS34
CSG-QNBS38,15.308464,108.849152,QNBS38
CSG-QNBS39,15.371060,108.760480,QNBS39
CSG-QNBS40,15.275630,108.857490,QNBS40
CSG-QNBS47,15.367770,108.745780,QNBS47
CSG-QNBS48,15.367080,108.774270,QNBS48
CSG-QNBS50,15.327230,108.858230,QNBS50
CSG-QNBS52,15.299702,108.752375,QNBS52
CSG-QNBS54,15.310670,108.752680,QNBS54
CSG-QNBS64,15.293600,108.733540,QNBS64
CSG-QNDP04,14.811760,108.953030,QNDP04
CSG-QNMD02,14.885983,108.918403,QNMD02
CSG-QNMD05,14.924050,108.899650,QNMD05
CSG-QNMD06,15.021820,108.902420,QNMD06
CSG-QNMD07,15.056060,108.886230,QNMD07
CSG-QNMD10,15.012460,108.871240,QNMD10
CSG-QNMD11,14.982940,108.907710,QNMD11
CSG-QNMD12,14.946050,108.860270,QNMD12
CSG-QNMD14,15.016628,108.848604,QNMD14
CSG-QNMD19,14.905520,108.911630,QNMD19
CSG-QNMD20,15.028750,108.858955,QNMD20
CSG-QNMD23,15.004679,108.909421,QNMD23
CSG-QNMD24,14.930580,108.921990,QNMD24
CSG-QNMD25,14.950530,108.883310,QNMD25
CSG-QNMD27,15.039153,108.863327,QNMD27
CSG-QNMD28,14.956813,108.847593,QNMD28
CSG-QNMD35,14.946090,108.926450,QNMD35
CSG-QNNH03,14.986930,108.836020,QNNH03
CSG-QNNH04,15.079440,108.779910,QNNH04
CSG-QNNH05,15.045137,108.748902,QNNH05
CSG-QNNH06,14.956620,108.773850,QNNH06
CSG-QNNH07,15.009820,108.783370,QNNH07
CSG-QNNH08,15.038040,108.820460,QNNH08
CSG-QNNH15,15.027016,108.722448,QNNH15
CSG-QNNH16,15.041280,108.797220,QNNH16
CSG-QNNH17,15.024905,108.808331,QNNH17
CSG-QNNH21,15.045010,108.788330,QNNH21
CSG-QNQN02,15.121807,108.768932,QNQN02
CSG-QNQN03,15.113120,108.808100,QNQN03
CSG-QNQN06,15.118040,108.792310,QNQN06
CSG-QNQN07,15.131040,108.842470,QNQN07
CSG-QNQN08,15.129340,108.785530,QNQN08
CSG-QNQN09,15.113390,108.799670,QNQN09
CSG-QNQN10,15.104990,108.788700,QNQN10
CSG-QNQN11,15.114640,108.780160,QNQN11
CSG-QNQN12,15.122520,108.785580,QNQN12
CSG-QNQN15,15.124440,108.777880,QNQN15
CSG-QNQN16,15.120440,108.805440,QNQN16
CSG-QNQN17,15.113570,108.770940,QNQN17
CSG-QNQN19,15.118089,108.814294,QNQN19
CSG-QNQN20,15.112720,108.790500,QNQN20
CSG-QNQN21,15.125751,108.793376,QNQN21
CSG-QNQN22,15.118394,108.829897,QNQN22
CSG-QNQN25,15.097590,108.815060,QNQN25
CSG-QNQN26,15.110330,108.844440,QNQN26
CSG-QNQN2B,15.113370,108.863600,QNQN2B
CSG-QNQN2C,15.111780,108.884224,QNQN2C
CSG-QNQN2D,15.132492,108.869301,QNQN2D
CSG-QNQN2J,15.132932,108.795251,QNQN2J
CSG-QNQN31,15.126280,108.797640,QNQN31
CSG-QNQN35,15.130940,108.806210,QNQN35
CSG-QNQN37,15.125680,108.802600,QNQN37
CSG-QNQN41,15.125280,108.833550,QNQN41
CSG-QNQN43,15.108660,108.819330,QNQN43
CSG-QNQN44,15.105940,108.767470,QNQN44
CSG-QNQN78,15.187291,108.885475,QNQN78
CSG-QNQN79,15.154633,108.842944,QNQN79
CSG-QNQN80,15.152560,108.786010,QNQN80
CSG-QNQN81,15.188330,108.854380,QNQN81
CSG-QNQN82,15.150440,108.796720,QNQN82
CSG-QNQN85,15.214391,108.884787,QNQN85
CSG-QNQN86,15.202680,108.896530,QNQN86
CSG-QNQN87,15.160321,108.884710,QNQN87
CSG-QNQN90,15.200550,108.835770,QNQN90
CSG-QNQN91,15.140530,108.804702,QNQN91
CSG-QNQN94,15.154500,108.796130,QNQN94
CSG-QNQN97,15.142575,108.824520,QNQN97
CSG-QNQN99,15.142030,108.799720,QNQN99
CSG-QNST02,15.200670,108.790550,QNST02
CSG-QNST05,15.201400,108.718190,QNST05
CSG-QNST06,15.170480,108.667000,QNST06
CSG-QNST07,15.156694,108.753965,QNST07
CSG-QNST08,15.225590,108.761920,QNST08
CSG-QNST10,15.176437,108.791426,QNST10
CSG-QNST14,15.220750,108.786320,QNST14
CSG-QNST18,15.155310,108.706190,QNST18
CSG-QNST19,15.143700,108.768200,QNST19
CSG-QNST25,15.199740,108.762850,QNST25
CSG-QNST30,15.224400,108.645330,QNST30
CSG-QNST36,15.137940,108.779300,QNST36
CSG-QNST46,15.240310,108.747380,QNST46
CSG-QNTN_newsite1,15.089620,108.827970,QNTN_newsite1
CSG-QNTN_NEWSITE2,15.058980,108.843320,QNTN05
CSG-QNTN04,15.095750,108.877240,QNTN04
CSG-QNTN06,15.124730,108.730144,QNTN06
CSG-QNTN09,15.137501,108.691212,QNTN09
CSG-QNTN10,15.094146,108.750430,QNTN10
CSG-QNTN12,15.041756,108.847570,QNTN12
CSG-QNTN13,15.077240,108.832390,QNTN13
CSG-QNTN15,15.074070,108.864150,QNTN15
CSG-QNTN23,15.090480,108.796270,QNTN23
CSG-QNTN24,15.067596,108.809750,QNTN24
CSG-QNTN26,15.117270,108.754620,QNTN26
CSG-QNTN31,15.098225,108.773401,QNTN31
CSG-QNTN33,15.070780,108.883030,QNTN33
CSG-QNTN39,15.095170,108.834680,QNTN39
CSG-QNTN43,15.110232,108.719926,QNTN43
CSG-QNTN66,15.117060,108.740035,QNTN66
CSG_BDQN31_2,13.751902,109.210256,BDQN31
CSG-BDHN15-02,14.556500,109.045160,BDHN15
CSG-BDHN33_1,14.428240,109.010240,BDHN33
CSG-KHCL02,12.031300,109.129260,KHCL02
CSG-KHCL03-2,11.996990,109.124210,KHCL03
CSG-KHCL12,12.072500,109.158300,KHCL12
CSG-KHCL17,12.118860,109.113417,KHCL17
CSG-KHCL18,12.029900,109.177300,KHCL18
CSG-KHCL23,12.153707,109.067254,KHCL23
CSG-KHCL23-2,12.153707,109.067254,KHCL23
CSG-KHCL47,12.063280,109.160100,KHCL47
CSG-KHCLMA01,12.079731,109.180985,KHCLMA01
CSG-KHCR02,11.990820,109.193500,KHCR02
CSG-KHCR04,11.837968,109.111695,KHCR04
CSG-KHCR10,12.020986,109.215965,KHCR10
CSG-KHCR13,11.880728,109.110290,KHCR13
CSG-KHCR14,11.909604,109.127235,KHCR14
CSG-KHCR18,11.911400,109.147200,KHCR18
CSG-KHCR19,11.994437,109.152653,KHCR19
CSG-KHCR27,11.966668,109.106668,KHCR27
CSG-KHCR47,11.941070,109.113270,KHCR47
CSG-KHCR49,11.918709,109.145014,KHCR49
CSG-KHCR50,11.918804,109.160228,KHCR50
CSG-KHCR52,11.913860,109.153320,KHCR52
CSG-KHCR52-2,11.913860,109.153320,KHCR52
CSG-KHCR53,11.942270,109.179150,KHCR53
CSG-KHDK06,12.213268,109.074342,KHDK06
CSG-KHDK07,12.315530,108.980290,KHDK07
CSG-KHDK08,12.275289,109.117662,KHDK08
CSG-KHDK12,12.209992,109.042219,KHDK12
CSG-KHDK13,12.248850,109.090610,KHDK13
CSG-KHDK15,12.270000,109.089400,KHDK15
CSG-KHDK25,12.261440,109.037920,KHDK25
CSG-KHDK25-2,12.261440,109.037920,KHDK25
CSG-KHDK37,12.308319,108.997223,KHDK37
CSG-KHDKMA01,12.257248,109.107169,KHDKMA01
CSG-KHDKMA01-2,12.257248,109.107169,KHDKMA01
CSG-KHKV05,12.364490,108.955070,KHKV05
CSG-KHKV08,12.401960,108.948240,KHKV08
CSG-KHNH02,12.542330,109.225810,KHNH02
CSG-KHNH04,12.421140,109.148420,KHNH04
CSG-KHNH06,12.535680,109.027360,KHNH06
CSG-KHNH06-2,12.535680,109.027360,KHNH06
CSG-KHNH09,12.501790,109.078190,KHNH09
CSG-KHNH10,12.472430,109.124820,KHNH10
CSG-KHNH12,12.499760,109.114050,KHNH12
CSG-KHNH14,12.459890,109.081080,KHNH14
CSG-KHNH19,12.503600,109.139900,KHNH19
CSG-KHNH20,12.529600,109.159900,KHNH20
CSG-KHNH27,12.498015,109.005586,KHNH27
CSG-KHNH32,12.557290,109.218270,KHNH32
CSG-KHNH40,12.526700,109.220700,KHNH40
CSG-KHNH44,12.524660,109.102310,KHNH44
CSG-KHNH54,12.486090,109.126630,KHNH54
CSG-KHNH54-2,12.486090,109.126630,KHNH54
CSG-KHNH55,12.489690,109.152280,KHNH55
CSG-KHNH76,12.565960,109.170840,KHNH76
CSG-KHNT05,12.249200,109.183400,KHNT05
CSG-KHNT07,12.302200,109.170300,KHNT07
CSG-KHNT08,12.214932,109.195072,KHNT08
CSG-KHNT13,12.339622,109.197859,KHNT13
CSG-KHNT17,12.258135,109.188384,KHNT17
CSG-KHNT1A,12.216750,109.243990,KHNT1A
CSG-KHNT1E,12.254100,109.172100,KHNT1E
CSG-KHNT1F,12.199648,109.194229,KHNT1F
CSG-KHNT1G,12.220500,109.192700,KHNT1G
CSG-KHNT1M,12.254627,109.137053,KHNT1M
CSG-KHNT1N,12.268600,109.205100,KHNT1N
CSG-KHNT1R,12.231720,109.195950,KHNT1R
CSG-KHNT1Z,12.255627,109.128053,KHNT1Z
CSG-KHNT24,12.252200,109.193700,KHNT24
CSG-KHNT24-2,12.252200,109.193700,KHNT24
CSG-KHNT25,12.242133,109.182258,KHNT25
CSG-KHNT26,12.225202,109.183383,KHNT26
CSG-KHNT28,12.266171,109.196210,KHNT28
CSG-KHNT32,12.209064,109.201835,KHNT32
CSG-KHNT36,12.250630,109.120487,KHNT36
CSG-KHNT3G,12.278346,109.199733,KHNT3G
CSG-KHNT3H,12.257630,109.172460,KHNT3H
CSG-KHNT3K,12.252112,109.161533,KHNT3K
CSG-KHNT3N,12.207021,109.205262,KHNT3N
CSG-KHNT3Q,12.290238,109.205394,KHNT3Q
CSG-KHNT42,12.204330,109.214948,KHNT42
CSG-KHNT44,12.364648,109.194306,KHNT44
CSG-KHNT46,12.202391,109.202007,KHNT46
CSG-KHNT4D,12.216450,109.199740,KHNT4D
CSG-KHNT4E,12.227118,109.198240,KHNT4E
CSG-KHNT4Z,12.237887,109.194992,KHNT4Z
CSG-KHNT55,12.235582,109.183919,KHNT55
CSG-KHNT56,12.219330,109.195300,KHNT56
CSG-KHNT59,12.210871,109.188701,KHNT59
CSG-KHNT60,12.247322,109.187250,KHNT60
CSG-KHNT62,12.267885,109.172122,KHNT62
CSG-KHNT68,12.234349,109.172642,KHNT68
CSG-KHNT69,12.241140,109.160220,KHNT69
CSG-KHNT72,12.210532,109.192670,KHNT72
CSG-KHNT78,12.291920,109.176221,KHNT78
CSG-KHNT79,12.276685,109.197205,KHNT79
CSG-KHNT82,12.222056,109.186561,KHNT82
CSG-KHNT83,12.240829,109.190635,KHNT83
CSG-KHNT84,12.243291,109.186421,KHNT84
CSG-KHNT88,12.288503,109.196216,KHNT88
CSG-KHNT90,12.237830,109.188665,KHNT90
CSG-KHNT94,12.277538,109.184481,KHNT94
CSG-KHNT96,12.255769,109.158780,KHNT96
CSG-KHNTMA01,12.187470,109.170250,KHNTMA01
CSG-KHNTMA01-2,12.187470,109.170250,KHNTMA01
CSG-KHVN03,12.770030,109.304250,KHVN03
CSG-KHVN04,12.705340,109.236830,KHVN04
CSG-KHVN06,12.671200,109.209700,KHVN06
CSG-KHVN13,12.630420,109.186310,KHVN13
CSG-KHVN21,12.599910,109.179210,KHVN21
CSG-KHVN23-2,12.644820,109.193940,KHVN23
CSG-KHVN23-3,12.644820,109.193940,KHVN23
CSG-KHVN29,12.693610,109.227220,KHVN29
CSG-KHVN41,12.732680,109.270220,KHVN41
CSG-KHVN55,12.805040,109.338520,KHVN55
CSG-PYDH05,13.017220,109.330510,PYDH05
CSG-PYDH07,12.993115,109.370020,PYDH07
CSG-PYDH08,12.996152,109.310305,PYDH08
CSG-PYDH09,13.034347,109.297636,PYDH09
CSG-PYDH10,12.987910,109.276350,PYDH10
CSG-PYDH11,12.911037,109.368431,PYDH11
CSG-PYDH12,12.946110,109.339230,PYDH12
CSG-PYDH13,12.956290,109.412100,PYDH13
CSG-PYDH14,12.982067,109.377578,PYDH14
CSG-PYDH17,12.959340,109.402380,PYDH17
CSG-PYDH19,12.975220,109.326530,PYDH19
CSG-PYDH20,12.988560,109.331910,PYDH20
CSG-PYDH21,13.012410,109.291650,PYDH21
CSG-PYDH23,12.996110,109.352565,PYDH23
CSG-PYDH24,13.001340,109.375250,PYDH24
CSG-PYDH28,13.031100,109.337170,PYDH28
CSG-PYDH30,12.998880,109.363950,PYDH30
CSG-PYDX01,13.377680,109.104000,PYDX01
CSG-PYDX03,13.296879,109.064711,PYDX03
CSG-PYDX04,13.399010,109.105300,PYDX04
CSG-PYDX05,13.342200,109.150320,PYDX05
CSG-PYDX08,13.339192,109.171102,PYDX08
CSG-PYDX20,13.372522,109.086060,PYDX20
CSG-PYDX23,13.323464,109.078436,PYDX23
CSG-PYDX25,13.364473,109.125588,PYDX25
CSG-PYPH01,13.041800,109.102750,PYPH01
CSG-PYPH02,13.056406,109.245334,PYPH02
CSG-PYPH03,13.081167,109.213840,PYPH03
CSG-PYPH04,13.037980,109.215390,PYPH04
CSG-PYPH07,13.038070,109.257045,PYPH07
CSG-PYPH08,13.024902,109.219833,PYPH08
CSG-PYPH09,13.056680,109.196980,PYPH09
CSG-PYPH10,13.013720,109.118390,PYPH10
CSG-PYPH11,13.099210,109.193860,PYPH11
CSG-PYPH12,13.083220,109.242130,PYPH12
CSG-PYPH13,13.085520,109.276050,PYPH13
CSG-PYPH17,13.066660,109.290080,PYPH17
CSG-PYPH18,13.079425,109.259634,PYPH18
CSG-PYPH19,13.050610,109.270540,PYPH19
CSG-PYPH26,13.010007,109.161929,PYPH26
CSG-PYPY01,13.087012,109.307015,PYPY01
CSG-PYPY04,13.096180,109.315380,PYPY04
CSG-PYPY05,13.078870,109.294510,PYPY05
CSG-PYPY06,13.089429,109.318326,PYPY06
CSG-PYPY09,13.063970,109.327520,PYPY09
CSG-PYPY10,13.085370,109.299110,PYPY10
CSG-PYPY13,13.050911,109.324931,PYPY13
CSG-PYPY14,13.165977,109.279330,PYPY14
CSG-PYPY16,13.142799,109.281176,PYPY16
CSG-PYPY20,13.093540,109.320550,PYPY20
CSG-PYPY21,13.099740,109.302990,PYPY21
CSG-PYPY32,13.086650,109.313540,PYPY32
CSG-PYPY33,13.039590,109.310590,PYPY33
CSG-PYPY34,13.061270,109.314730,PYPY34
CSG-PYPY35,13.069630,109.335320,PYPY35
CSG-PYPY38,13.163281,109.291970,PYPY38
CSG-PYPY39,13.113680,109.291289,PYPY39
CSG-PYPY40,13.120221,109.301418,PYPY40
CSG-PYPY42,13.077320,109.303460,PYPY42
CSG-PYPY46,13.093230,109.316450,PYPY46
CSG-PYPY47,13.089928,109.309517,PYPY47
CSG-PYPY49,13.086700,109.302700,PYPY49
CSG-PYPY54,13.102590,109.313690,PYPY54
CSG-PYPY58,13.088270,109.295100,PYPY58
CSG-PYPY59,13.092917,109.299971,PYPY59
CSG-PYPY60,13.131223,109.276418,PYPY60
CSG-PYPY63,13.091550,109.305400,PYPY63
CSG-PYPY66,13.114460,109.282710,PYPY66
CSG-PYPY67,13.096668,109.292926,PYPY67
CSG-PYPY68,13.107660,109.301580,PYPY68
CSG-PYSA05,13.195305,108.964204,PYSA05
CSG-PYSA09,13.204800,109.063400,PYSA09
CSG-PYSA10,13.063650,109.025280,PYSA10
CSG-PYSA11,13.123900,109.068900,PYSA11
CSG-PYSA12,13.147542,108.946691,PYSA12
CSG-PYSA13,13.197147,109.111128,PYSA13
CSG-PYSA14,13.085069,108.954368,PYSA14
CSG-PYSA16,13.062400,108.970800,PYSA16
CSG-PYTA01,13.295067,109.233463,PYTA01
CSG-PYTA05,13.339178,109.242915,PYTA05
CSG-PYTA06,13.319950,109.212910,PYTA06
CSG-PYTA07,13.262696,109.252363,PYTA07
CSG-PYTA08,13.307600,109.280920,PYTA08
CSG-PYTA09,13.316820,109.184580,PYTA09
CSG-PYTA10,13.196435,109.234565,PYTA10
CSG-PYTA11,13.250362,109.118627,PYTA11
CSG-PYTA12,13.184560,109.297250,PYTA12
CSG-PYTA13,13.351570,109.274260,PYTA13
CSG-PYTA15,13.225673,109.294264,PYTA15
CSG-PYTA16,13.294215,109.147350,PYTA16
CSG-PYTA19,13.202164,109.275974,PYTA19
CSG-PYTA29,13.332430,109.279147,PYTA29
CSG-PYTA30,13.182620,109.275830,PYTA30
CSG-PYTA32,13.245707,109.254983,PYTA32
CSG-PYTA33,13.352020,109.246270,PYTA33
CSG-PYTH03,12.931470,109.244090,PYTH03
CSG-PYTH05,12.968020,109.245480,PYTH05
CSG-PYTH06,12.948760,109.189370,PYTH06
CSG-PYTH08,12.945560,109.263310,PYTH08
CSG-PYTH09,12.977630,109.206280,PYTH09
CSG-PYTH10,12.963800,109.053900,PYTH10
CSG-PYTH11,12.985830,109.228690,PYTH11
CSG-PYTH12,12.932580,109.154840,PYTH12
CSG-PYTH16,13.008790,109.213720,PYTH16
CSG-PYTH17,12.992710,109.130420,PYTH17
CSG-VNPOST-HOADA,13.202660,109.270306,VNPOST-HOADA
CSG-VNPOST-SONTHANH,12.983640,109.095950,PYTH01
CSG-VNPOST-TUYAN,13.306107,109.213861,PYTA14
CSG-GLAK01,13.952720,108.657780,GLAK01
CSG-GLAK02,13.973810,108.679320,GLAK02
CSG-GLAK03,13.994930,108.654780,GLAK03
CSG-GLAK04,14.091850,108.662870,GLAK04
CSG-GLAK09,13.977730,108.714290,GLAK09
CSG-GLAK10,14.003130,108.689610,GLAK10
CSG-GLAK17,13.971830,108.671510,GLAK17
CSG-GLAP01,13.403590,108.441480,GLAP01
CSG-GLCP04,14.196630,107.960530,GLCP04
CSG-GLCP05,14.140360,107.952470,GLCP05
CSG-GLCP06,14.170630,107.867040,GLCP06
CSG-GLCP08,14.103990,107.930150,GLCP08
CSG-GLCP10,14.067000,107.989120,GLCP10
CSG-GLCP12,14.227290,107.989480,GLCP12
CSG-GLCR02,13.823480,107.892960,GLCR02
CSG-GLCR08,13.745480,107.857490,GLCR08
CSG-GLCR10,13.632520,107.926440,GLCR10
CSG-GLCR11,13.736433,107.956106,GLCR11
CSG-GLCR19,13.484200,107.873150,GLCR19
CSG-GLCR23,13.791677,108.001437,GLCR23
CSG-GLCR28,13.580290,107.865240,GLCR28
CSG-GLCR34,13.757243,107.878960,GLCR34
CSG-GLCR35,13.821010,107.945350,GLCR35
CSG-GLCS03,13.760400,108.025760,GLCS03
CSG-GLCS04,13.691980,108.028160,GLCS04
CSG-GLCS05,13.737380,108.118400,GLCS05
CSG-GLCS06,13.806316,108.107300,GLCS06
CSG-GLCS15,13.846910,108.055110,GLCS15
CSG-GLCS17,13.579162,108.228008,GLCS17
CSG-GLCS25,13.705290,108.090580,GLCS25
CSG-GLCS28,13.653370,108.098990,GLCS28
CSG-GLCS33,13.676608,108.087064,GLCS33
CSG-GLCU01,13.547519,108.099326,GLCU01
CSG-GLCU12,13.590040,107.958220,GLCU12
CSG-GLDC02,13.839550,107.809740,GLDC02
CSG-GLDC03,13.797480,107.644580,GLDC03
CSG-GLDC03_02,13.797480,107.644580,GLDC03
CSG-GLDC06,13.900640,107.708220,GLDC06
CSG-GLDC07,13.776283,107.596456,GLDC07
CSG-GLDD01,13.993140,108.118915,GLDD01
CSG-GLDD02,14.006370,108.206330,GLDD02
CSG-GLDD03,13.988697,108.155696,GLDD03
CSG-GLDD05,14.058670,108.086030,GLDD05
CSG-GLDD06,14.105310,108.116260,GLDD06
CSG-GLDD07,14.168500,108.140800,GLDD07
CSG-GLDD08,13.952179,108.136210,GLDD08
CSG-GLDD14,13.895440,108.049160,GLDD14
CSG-GLDD21,13.878516,108.127397,GLDD21
CSG-GLDP02,13.978610,108.526690,GLDP02
CSG-GLDP07,13.968950,108.482060,GLDP07
CSG-GLDP09,13.963024,108.633344,GLDP09
CSG-GLDP11,13.934780,108.601080,GLDP11
CSG-GLIG02,13.935120,107.787810,GLIG02
CSG-GLIG06_new,13.972574,107.956551,GLIG06
CSG-GLIG07,14.048790,107.942200,GLIG07
CSG-GLIG09,13.976130,107.882510,GLIG09
CSG-GLIG14,13.914600,107.925650,GLIG14
CSG-GLIG17,13.965700,107.593830,GLIG17
CSG-GLIG19,14.013475,107.640400,GLIG19
CSG-GLIG20,13.992230,107.845740,GLIG20
CSG-GLIG24,13.938641,107.481644,GLIG24
CSG-GLKP01,13.195388,108.688647,GLKP01
CSG-GLMY01,14.041600,108.252790,GLMY01
CSG-GLMY05,14.053780,108.292980,GLMY05
CSG-GLMY12,13.983830,108.232980,GLMY12
CSG-GLPK05,14.029330,107.989110,GLPK05
CSG-GLPK07,13.987730,108.087330,GLPK07
CSG-GLPK09,13.979040,108.055690,GLPK09
CSG-GLPK11,13.971270,108.008140,GLPK11
CSG-GLPK13,13.971380,108.033290,GLPK13
CSG-GLPK18,13.960260,108.005010,GLPK18
CSG-GLPK19,13.992850,108.039250,GLPK19
CSG-GLPK20,13.986849,107.990474,GLPK20
CSG-GLPK23,14.037850,108.012850,GLPK23
CSG-GLPK27,13.968490,107.992650,GLPK27
CSG-GLPK39,14.041358,107.977308,GLPK39
CSG-GLPK41,13.958800,108.073340,GLPK41
CSG-GLPK51,14.028600,107.964940,GLPK51
CSG-GLPK54,14.015099,107.991227,GLPK54
CSG-GLPK64,13.980390,108.076530,GLPK64
CSG-GLPK65,13.975834,108.006950,GLPK65
CSG-GLPK68,14.002680,107.988050,GLPK68
CSG-GLPK71,13.872870,107.977980,GLPK71
CSG-GLPK72,13.936668,108.008327,GLPK72
CSG-GLPK73,14.002580,108.050470,GLPK73
CSG-GLPK79,13.899140,108.017900,GLPK79
CSG-GLPK79_02,13.899140,108.017900,GLPK79
CSG-KTDH01,14.494330,107.925080,KTDH01
CSG-KTDH02,14.590890,107.915150,KTDH02
CSG-KTDH04,14.461810,107.911340,KTDH04
CSG-KTDH05,14.441530,107.954940,KTDH05
CSG-KTDH06,14.538350,107.919620,KTDH06
CSG-KTDH08,14.506540,108.009680,KTDH08
CSG-KTDH09,14.518508,107.946291,KTDH09
CSG-KTDH15,14.536350,107.951540,KTDH15
CSG-KTDH16,14.478336,107.933168,KTDH16
CSG-KTDH18,14.500710,107.954500,KTDH18
CSG-KTDH22,14.519900,107.915070,KTDH22
CSG-KTDT02,14.660380,107.775020,KTDT02
CSG-KTDT03,14.655490,107.825180,KTDT03
CSG-KTDT04,14.712266,107.829443,KTDT04
CSG-KTDT07,14.631563,107.848886,KTDT07
CSG-KTDT15,14.650120,107.842420,KTDT15
CSG-KTDT17,14.728074,107.752848,KTDT17
CSG-KTKT01,14.353860,108.002250,KTKT01
CSG-KTKT05,14.311783,107.989439,KTKT05
CSG-KTKT10,14.365150,108.000040,KTKT10
CSG-KTKT11,14.309690,107.931880,KTKT11
CSG-KTKT17,14.344831,107.925220,KTKT17
CSG-KTKT19,14.361260,108.020568,KTKT19
CSG-KTKT21,14.281800,107.968450,KTKT21
CSG-KTKT29,14.374940,107.958600,KTKT29
CSG-KTKT30,14.365010,108.008090,KTKT30
CSG-KTKT32,14.377331,108.014040,KTKT32
CSG-KTKT33,14.371960,107.989270,KTKT33
CSG-KTKT35,14.339360,107.986910,KTKT35
CSG-KTKT37,14.343990,108.037590,KTKT37
CSG-KTKT38,14.395860,107.994820,KTKT38
CSG-KTKT39,14.359170,107.984140,KTKT39
CSG-KTKT44,14.357944,108.003443,KTKT44
CSG-KTKT45,14.328680,107.994190,KTKT45
CSG-KTKT48,14.350000,108.006000,KTKT48
CSG-KTKT50,14.370330,108.020100,KTKT50
CSG-KTKT51,14.380341,107.975530,KTKT51
CSG-KTKT57,14.349100,108.013270,KTKT57
CSG-KTKT60,14.350190,108.022170,KTKT60
CSG-KTKT66,14.334810,107.995900,KTKT66
CSG-KTNH01,14.705260,107.686510,KTNH01
CSG-KTNH03,14.657090,107.698010,KTNH03
CSG-KTNH08,14.687100,107.716800,KTNH08
CSG-KTNH12,14.697090,107.666060,KTNH12
CSG-KTNH13,14.705900,107.698230,KTNH13
CSG-KTNH17,14.732063,107.692882,KTNH17
CSG-KTST_newsite1,14.409863,107.789758,KTST_newsite1
CSG-KTST03,14.446060,107.787630,KTST03
CSG-KTST14,14.404780,107.813910,KTST14
CSG-KTST15,14.380868,107.857499,KTST15
CSG-DGCJ01,12.653557,107.872539,DGCJ01
CSG-DGDG04,11.909468,107.801807,DGDG04
CSG-DGDG14,12.148014,107.836223,DGDG14
CSG-DGDL02,11.900507,107.544217,DGDL02
CSG-DGDL03,11.984295,107.572510,DGDL03
CSG-DGDL04,11.866914,107.492814,DGDL04
CSG-DGDL05,11.977500,107.580943,DGDL05
CSG-DGDL07,11.907693,107.396020,DGDL07
CSG-DGDL09,11.992351,107.544960,DGDL09
CSG-DGDL11,11.946333,107.579298,DGDL11
CSG-DGDL13,11.935613,107.539512,DGDL13
CSG-DGDL15,11.961960,107.517980,DGDL15
CSG-DGDL16,12.011000,107.526913,DGDL16
CSG-DGDL18,11.951980,107.479430,DGDL18
CSG-DGDL19,11.982780,107.599810,DGDL19
CSG-DGDL22,11.933483,107.433466,DGDL22
CSG-DGDL25,11.939250,107.457910,DGDL25
CSG-DGDL29,12.013514,107.490105,DGDL29
CSG-DGDL30,12.008160,107.564420,DGDL30
CSG-DGDL32,11.876657,107.415160,DGDL32
CSG-DGDL37,11.988720,107.508140,DGDL37
CSG-DGDL41,11.885090,107.527830,DGDL41
CSG-DGDL43,11.921551,107.416865,DGDL43
CSG-DGDL53,11.935448,107.599870,DGDL53
CSG-DGDM02,12.546357,107.813748,DGDM02
CSG-DGDM04,12.489220,107.720920,DGDM04
CSG-DGDM07,12.521022,107.758327,DGDM07
CSG-DGDM10,12.454036,107.656314,DGDM10
CSG-DGDM15,12.356058,107.569135,DGDM15
CSG-DGDM17,12.448530,107.609700,DGDM17
CSG-DGDM22,12.438070,107.661493,DGDM22
CSG-DGDM23,12.464289,107.613840,DGDM23
CSG-DGDM24,12.454767,107.636802,DGDM24
CSG-DGDM29,12.454119,107.622837,DGDM29
CSG-DGDM31,12.477886,107.699519,DGDM31
CSG-DGDM33,12.399503,107.608690,DGDM33
CSG-DGDM34,12.419883,107.582995,DGDM34
CSG-DGDM35,12.442340,107.630130,DGDM35
CSG-DGDM37,12.425840,107.694530,DGDM37
CSG-DGDM39,12.428508,107.634825,DGDM39
CSG-DGDS02,12.238385,107.615175,DGDS02
CSG-DGDS05,12.203240,107.637310,DGDS05
CSG-DGDS06,12.210220,107.579920,DGDS06
CSG-DGDS07,12.358941,107.634483,DGDS07
CSG-DGDS08,12.304713,107.593543,DGDS08
CSG-DGDS09,12.290028,107.577018,DGDS09
CSG-DGDS10,12.213370,107.542338,DGDS10
CSG-DGDS11,12.290252,107.547573,DGDS11
CSG-DGDS12,12.256882,107.573855,DGDS12
CSG-DGDS14,12.314373,107.619527,DGDS14
CSG-DGDS16,12.324530,107.566360,DGDS16
CSG-DGDS17,12.148243,107.639494,DGDS17
CSG-DGDS21,12.113664,107.656217,DGDS21
CSG-DGDS30,12.420017,107.653970,DGDS30
CSG-DGGN01,11.990450,107.672810,DGGN01
CSG-DGGN02,11.998121,107.703326,DGGN02
CSG-DGGN03,12.003599,107.683923,DGGN03
CSG-DGGN04,12.015477,107.685062,DGGN04
CSG-DGGN05,12.054203,107.680233,DGGN05
CSG-DGGN06,11.964421,107.736159,DGGN06
CSG-DGGN07,11.977438,107.648631,DGGN07
CSG-DGGN08,12.008160,107.666797,DGGN08
CSG-DGGN09,11.971620,107.698210,DGGN09
CSG-DGGN11,12.025080,107.740281,DGGN11
CSG-DGGN13,12.033772,107.686682,DGGN13
CSG-DGGN15,12.004822,107.694977,DGGN15
CSG-DGGN17,11.936601,107.748135,DGGN17
CSG-DGGN20,11.983769,107.698118,DGGN20
CSG-DGGN21,11.986447,107.685923,DGGN21
CSG-DGGN22,11.951412,107.702772,DGGN22
CSG-DGGN25,11.997610,107.692060,DGGN25
CSG-DGGN30,11.967640,107.711480,DGGN30
CSG-DGGN40,11.946910,107.675800,DGGN40
CSG-DGKN04,12.431362,107.883978,DGKN04
CSG-DGKN37,12.461320,107.745790,DGKN37
CSG-DGTD02,12.203897,107.489150,DGTD02
CSG-DGTD03,12.247554,107.437643,DGTD03
CSG-DGTD04,12.254765,107.386266,DGTD04
CSG-DGTD05,12.103697,107.484538,DGTD05
CSG-DGTD09,12.184230,107.450270,DGTD09
CSG-DGTD11,12.050451,107.486136,DGTD11
CSG-DGTD24,12.193888,107.462248,DGTD24
CSG-DLBH02,12.931363,108.264228,DLBH02
CSG-DLBH13,12.815090,108.272320,DLBH13
CSG-DLBH15,12.912622,108.260605,DLBH15
CSG-DLBH31,12.861390,108.258270,DLBH31
CSG-DLBHMA01,12.788900,107.636604,DLBHMA01
CSG-DLBT04,12.631540,107.998286,DLBT04
CSG-DLBT05,12.657706,108.107314,DLBT05
CSG-DLBT06,12.682360,108.029960,DLBT06
CSG-DLBT07,12.690778,108.066610,DLBT07
CSG-DLBT09,12.688217,108.055871,DLBT09
CSG-DLBT09-2,12.688217,108.055871,DLBT09
CSG-DLBT10,12.665790,108.031230,DLBT10
CSG-DLBT11,12.719780,108.071840,DLBT11
CSG-DLBT14,12.649460,108.018620,DLBT14
CSG-DLBT17,12.687890,108.042890,DLBT17
CSG-DLBT18,12.625360,107.963400,DLBT18
CSG-DLBT1E,12.687830,108.061310,DLBT1E
CSG-DLBT1Q,12.689350,108.113100,DLBT1Q
CSG-DLBT1R,12.697840,108.088160,DLBT1R
CSG-DLBT1T,12.614880,107.933720,DLBT1T
CSG-DLBT20,12.676640,107.993870,DLBT20
CSG-DLBT22,12.697800,108.029380,DLBT22
CSG-DLBT23,12.714560,108.016060,DLBT23
CSG-DLBT24,12.701491,108.075671,DLBT24
CSG-DLBT25,12.742710,108.153800,DLBT25
CSG-DLBT26,12.632194,108.027338,DLBT26
CSG-DLBT29,12.686520,108.095210,DLBT29
CSG-DLBT2H,12.640920,107.996810,DLBT2H
CSG-DLBT30-2,12.657780,108.047070,DLBT30
CSG-DLBT34,12.653292,108.029603,DLBT34
CSG-DLBT36,12.736210,108.143010,DLBT36
CSG-DLBT37,12.618170,108.010232,DLBT37
CSG-DLBT39,12.614217,107.946967,DLBT39
CSG-DLBT44,12.721560,108.047680,DLBT44
CSG-DLBT45,12.722173,108.091853,DLBT45
CSG-DLBT52,12.689150,108.048340,DLBT52
CSG-DLBT53,12.705160,108.055330,DLBT53
CSG-DLBT54,12.688400,108.035000,DLBT54
CSG-DLBT56,12.603598,108.032314,DLBT56
CSG-DLBT57,12.694160,108.045210,DLBT57
CSG-DLBT60,12.639740,108.015100,DLBT60
CSG-DLBT68,12.645510,108.026820,DLBT68
CSG-DLBT70,12.633590,107.983330,DLBT70
CSG-DLBT71,12.735670,108.126240,DLBT71
CSG-DLBT72,12.670280,108.027000,DLBT72
CSG-DLBT75,12.683650,108.059700,DLBT75
CSG-DLBT78,12.659020,108.018160,DLBT78
CSG-DLBT80,12.697710,108.057270,DLBT80
CSG-DLBT82,12.679530,108.043310,DLBT82
CSG-DLBT84,12.710400,108.061000,DLBT84
CSG-DLBT86,12.676460,108.026860,DLBT86
CSG-DLBT88,12.658220,108.031160,DLBT88
CSG-DLBT89,12.683267,108.009950,DLBT89
CSG-DLBTMA01,12.682900,108.035000,DLBTMA01
CSG-DLBTMA01-2,12.682900,108.035000,DLBTMA01
CSG-DLCG06,12.852200,108.100367,DLCG06
CSG-DLCG07,12.781192,108.069675,DLCG07
CSG-DLCG08,12.895770,108.066090,DLCG08
CSG-DLCG10,12.789150,108.014383,DLCG10
CSG-DLCG11,12.762830,108.068570,DLCG11
CSG-DLCG14,12.830697,108.033728,DLCG14
CSG-DLCG30,12.816600,108.071000,DLCG30
CSG-DLCG32,12.959500,108.089530,DLCG32
CSG-DLCG33,12.858890,107.973120,DLCG33
CSG-DLCG41,12.891770,108.179960,DLCG41
CSG-DLCK03,12.599150,108.160133,DLCK03
CSG-DLCK09,12.607681,108.124574,DLCK09
CSG-DLCK11,12.562817,108.169683,DLCK11
CSG-DLCK11-2,12.562817,108.169683,DLCK11
CSG-DLCK11-3,12.562817,108.169683,DLCK11
CSG-DLCK17,12.638127,108.120102,DLCK17
CSG-DLEH01,13.210478,108.206323,DLEH01
CSG-DLEH02,13.209395,108.307785,DLEH02
CSG-DLEH03,13.223465,108.089773,DLEH03
CSG-DLEH07,13.267261,108.290351,DLEH07
CSG-DLEH08,13.174432,108.218662,DLEH08
CSG-DLEH11,13.210228,108.268663,DLEH11
CSG-DLEH13,13.315330,108.149100,DLEH13
CSG-DLEH18,13.201290,108.215570,DLEH18
CSG-DLEH21,13.231676,108.189430,DLEH21
CSG-DLEH27,13.147942,108.128962,DLEH27
CSG-DLEK01,12.812267,108.446527,DLEK01
CSG-DLEK01-2,12.812267,108.446527,DLEK01
CSG-DLEK02,12.876323,108.519368,DLEK02
CSG-DLEK03,12.803688,108.540983,DLEK03
CSG-DLEK04,12.728720,108.552420,DLEK04
CSG-DLEK10,12.841530,108.430940,DLEK10
CSG-DLEK25,12.696010,108.463877,DLEK25
CSG-DLEK27,12.814122,108.518682,DLEK27
CSG-DLEK29,12.812599,108.460083,DLEK29
CSG-DLEK30,12.640380,108.514404,DLEK30
CSG-DLEK34,12.756270,108.510170,DLEK34
CSG-DLKB14,12.940084,108.230280,DLKB14
CSG-DLKB19,12.948271,108.253535,DLKB19
CSG-DLKB22,13.011552,108.152158,DLKB22
CSG-DLKB31,13.045997,108.226398,DLKB31
CSG-DLKB36,12.962560,108.249500,DLKB36
CSG-DLKG02,12.488990,108.298390,DLKG02
CSG-DLKG05,12.505530,108.238480,DLKG05
CSG-DLKG16,12.574827,108.336872,DLKG16
CSG-DLKN02,12.881983,108.386162,DLKN02
CSG-DLKN03,13.042590,108.332400,DLKN03
CSG-DLKN08,12.984109,108.434333,DLKN08
CSG-DLKN14,12.950532,108.306427,DLKN14
CSG-DLKN15,13.113790,108.328700,DLKN15
CSG-DLKN25,12.928709,108.417049,DLKN25
CSG-DLKN27,12.959500,108.347140,DLKN27
CSG-DLKN34,13.047480,108.397633,DLKN34
CSG-DLKP01,12.715607,108.241525,DLKP01
CSG-DLKP01-2,12.715607,108.241525,DLKP01
CSG-DLKP01-3,12.715607,108.241525,DLKP01
CSG-DLKP03,12.703585,108.150500,DLKP03
CSG-DLKP05,12.762750,108.413950,DLKP05
CSG-DLKP06,12.662540,108.431300,DLKP06
CSG-DLKP07,12.710140,108.436040,DLKP07
CSG-DLKP11,12.692520,108.383690,DLKP11
CSG-DLKP14,12.702408,108.197138,DLKP14
CSG-DLKP17,12.662000,108.348160,DLKP17
CSG-DLKP17-2,12.662000,108.348160,DLKP17
CSG-DLKP25,12.710978,108.289547,DLKP25
CSG-DLKP32,12.703650,108.323460,DLKP32
CSG-DLKP37,12.744230,108.373420,DLKP37
CSG-DLKP38,12.581743,108.430058,DLKP38
CSG-DLLK02,12.406426,108.199624,DLLK02
CSG-DLLK04,12.431760,108.209640,DLLK04
CSG-DLBD01,12.845130,107.857798,DLBD01
CSG-DLBD04,12.748780,108.008670,DLBD04
